ibm has,1406
on demand,1165
line manager,1042
line managers,666
first line,657
great idea,605
first line manager,497
ny times,496
sales team,465
personal responsibility,451
ibm needs,420
people management,361
ibm does,358
delivery team,329
thank you,327
first line managers,300
delivery excellence,284
people manager,267
all ibmers,261
service delivery,260
best practices,259
new hire,248
sales teams,237
management system,234
point of view,221
client team,216
open source,208
customer sat,205
lotus notes,204
business control,199
sales force,193
project managers,189
sales rep,189
ibm internal,188
client rep,183
ibm us,170
business partner,168
people managers,168
cross brand,166
blue page,162
roi,161
new employees,153
line management,152
innovative ideas,152
blue pages,151
team lead,146
new hires,139
supply chain,138
ibm software,133
ibm global,132
internal ibm,131
integrated account,131
ibm customer,130
ibm company,125
fall plan,124
software group,122
technical support,119
ibm brand,116
ibm management,114
ibm corp,111
world wide,110
intellectual capital,109
world class,108
sales plan,107
ibm research,106
ibm culture,106
hw sw,106
ibm managers,104
business area,99
career development,98
opinion survey,98
ibm sales,97
does ibm,96
on demand business,94
ibm ap,86
client exec,86
most like,85
ibm organization,84
team leader,82
thanks award,82
lessons learned,81
lines of business,80
line of business,80
public sector,79
resource actions,78
right person,77
what va,76
ibm service,76
ibm people,76
upline managers,75
global campus,74
basic blue,74
world jam,74
help desk,74
solution design,72
ibm fellow,70
strategic outsourcing,70
business transformation,70
ibm ibm,70
ibm im,69
straight talk,67
ibm all,67
ibm support,66
role of the manager,66
industry solutions,66
extreme blue,66
management systems,64
account teams,64
knowledge management,64
innovative solutions,63
new managers,63
business line,62
ibm rational,58
ibm corporation,58
ibm hardware,57
integrated accounts,56
reward system,56
risk management,55
ibm help,55
on demand workplace,55
your career,54
ibm office,54
business intelligence,54
team leaders,54
leadership competencies,54
extended team,54
performance bonus,52
gs method,52
ibm services,52
new york,51
notes database,51
middle management,50
venture capital,50
grady booch,49
claim code,49
great place,48
ibm executives,48
task force,48
ibm account,48
management development,47
market intelligence,47
team room,47
technical resource,46
people development,45
ibm intranet,45
single sign,44
manager portal,43
customer success,43
mentoring program,42
ibm systems,42
application development,42
technical community,41
ibm rational chief scientist,41
open door,41
personal development,41
respect for individual,40
ibm pc,40
credit check,40
steady state,39
large enterprise,39
on demand community,39
united states,39
ibm india,39
band level,38
innovation center,38
ibm community tool,38
ibm great,38
systems engineer,37
business management,37
lotus workplace,37
ibm corporate,37
business conduct guidelines,37
information technology,36
ibm community tools,36
software services,36
old man,36
linux desktop,36
health care,36
project office,35
employee opinion survey,34
golden rule,34
ibm academy,34
ms office,34
international exchange,34
ibm club,34
business lines,34
business integration,33
bcs partner,33
ibm way,33
crit sit,33
client can,32
on demand era,32
internet explorer,32
mr watson,32
ibm logo,31
technology group,31
new blue,31
autonomic computing,31
ibm bcs,31
sam p,31
subject matter experts,30
thomas watson,30
user experience,30
north america,30
igs bcs,30
ibm confidential,30
ibm sites,29
internal audit,29
latin america,29
tech support,29
time zones,29
ts cs,29
quality assurance,28
best person,28
systems management,28
swg services,28
cost center,28
systems group,27
ibm hr,27
ibm learning,27
pd tool,27
ia model,26
solution sales,26
six sigma,26
real ibm,26
white space,26
asset management,25
data management,25
ibm hw,25
team rooms,25
ibm japan,25
global delivery,25
life sciences,25
integrated supply chain,24
international assignments,24
diversity group,24
trust and responsibility,24
ibm pos,23
tj watson,23
satisfaction survey,23
ibm middleware,23
passport advantage,23
systems engineering,23
lou g,23
master innovator,22
ibm worldwide,22
early warning indicators,22
ibm bi,22
customer advocate,22
master inventor,22
data warehouse,22
south africa,22
research division,21
reference architecture,21
lesbian bisexual,21
country general,21
foundational competencies,21
retirement benefit,21
websphere portal,21
real estate,20
global pulse survey,20
people mgmt,20
proposal team,20
ibm swg,19
crm siebel,19
thanks award program,19
integrated account model,19
jeff marzano,19
successful team,19
thomas j watson,19
sales managers,19
the netherlands,19
integrated model,19
client execs,19
asia pacific,19
employee purchase program,18
pwc consulting,18
bcs partners,18
american express,18
master inventors,18
financial services,17
new zealand,17
ibm igs,17
global ibm,17
suggestion program,17
ibm canada,17
sarbanes oxley,17
ibm forums,16
scholars program,16
golden circle,16
innovation centers,16
hr partners,16
managers portal,16
information management,16
sales face time,16
town hall,16
information systems,16
open office,16
development managers,15
eastern europe,15
linux client,15
industrial sector,15
bill gates,15
thomas watsons,15
jam how,15
igs ams,15
rational tools,15
computer science,15
lotus notes database,14
service level agreement,14
middle east,14
country gm,14
seven keys,14
account rep,14
ibm gs,14
microsoft office,14
united way,14
websphere application server,14
center of excellence,13
our enterprise,13
ibm core,13
systems and technology group,13
enterprise architecture,13
randy macdonald,13
ibm global campus,13
inside sales,13
ibm procurement,13
individual development plan,13
south america,13
ibm uk,13
comp plan,13
project launch,13
lotus smartsuite,12
ibm fellows,12
red hat,12
managers value fund,12
thomas watsonsr,12
notes buddy,12
venture capitalists,12
academic initiative,12
linda sanford,12
legal department,12
rational unified process,12
rational brand,12
team leadership,12
windows xp,11
master agreement,11
ams bcs,11
wall st,11
customer relationship management,11
ibm software group,11
wild duck,11
ibm certification,11
international business machines,11
doug elix,11
system sales,11
ibm servers,11
ibm global account,11
deep blue,11
ibm emea,11
ibm china,11
ibm linux,10
ibm finance,10
ibm france,10
project opportunity bank,10
windows and linux,10
siebel crm,10
bi community,10
ibm means service,10
mac os,10
ibm time,10
ibm sd,10
ibm legal,10
voice recognition,10
ibm management team,10
speed mentoring,10
ict ibm community tools,10
ibm confidential information,10
new york times,10
on demand innovation services,9
manager values fund,9
lotus domino,9
nick donofrio,9
low cost countries,9
supply chain management,9
igs emea,9
ibm business partner,9
jack welch,9
igs india,9
west region,9
buddy program,9
service model,9
management excellence,9
ibm brazil,9
connections coach,9
ibmers how,9
ibm open,9
personal business commitments,9
bcs americas,9
siebel weevils,9
service management,9
channel enablement,9
north american,9
rup se,9
ibm lotus,9
xtreme leverage,9
ted childs,9
ibm academy of technology,8
center of competency,8
ibm basic belief,8
linux and open source,8
systems integrators,8
ibm execs,8
virtual fitness,8
baby boomers,8
asset commercialization,8
ibm labs,8
pm empowerment,8
business office,8
ibm stockholder,8
ibm global financing,8
nobel prizes,8
job opportunity bank,8
resource managers,8
sales ops,8
information center,8
igs americas,8
information age,8
our first priority,8
igs method,8
signature selling method,8
ondemand community,7
southwest airlines,7
hursley lab,7
lotus sametime,7
blog central,7
ibm intranet password,7
red cross,7
madhavan rajagopalan,7
microsoft window,7
power point,7
silicon valley,7
cmmi level,7
icm assetweb,7
holiday party,7
pathfinders guide,7
geos and regions,7
stephen covey,7
ibm communications,7
collaborative innovation,7
service oriented architecture,7
ibm help desk,7
ibm researchers,7
service lines,7
ibm germany,7
identity management,7
country general managers,7
east fishkill,7
new york city,7
european union,7
collaboration central,7
capability maturity,7
solution architects,7
john this,7
henry ford,7
business performance management,7
system engineering,7
complaint management,7
ibm taiwan,7
sr vp,7
general electric,7
ge capital,7
deal hub,7
steve mills,7
service planning,7
work group survey,7
ibm tivoli,7
territory model,7
harvard business review,7
venture development,7
tivoli identity manager,7
tivoli identity,7
learning services,7
greater china,7
learning organisation,7
small medium business,7
suse linux,6
ibm alumni,6
rolls royce,6
barrier buster,6
framework blue,6
hong kong,6
brand managers,6
fortune magazine,6
solutions leadership initiative,6
rational division,6
washington dc,6
tj watsonjr,6
past can,6
ibm internet,6
domestic partner benefits,6
strategic planning,6
creative problem solving,6
strategic alliance,6
thomas j watson jr,6
mark loughridge,6
information development,6
ms windows,6
ibm board,6
tj watson jr,6
tivoli access,6
ibm beliefs,6
root cause analysis,6
blue gene,6
malcolm baldridge,6
us administration,6
bell labs,6
t j watson,6
ibm community tools ict,6
little league,6
vc community,6
tom bouchard,6
rational rose,6
bob moffat,6
ms office license,6
air force,5
norton antivirus,5
louis gerstner,5
tom peters,5
virtualization engine,5
san francisco,5
emea ibm,5
sarbannes oxley,5
community of practice,5
john akers,5
rational toolset,5
rana sen,5
mozilla firefox,5
people planner,5
systems sales,5
performance bonus program,5
bcs comm,5
north region,5
west coast,5
project management center of excellence,5
system house,5
dream company,5
peter drucker,5
cathy dalton,5
people management tasks,5
best have,5
coca cola,5
ibm portal,5
chambers of commerce,5
customer liaison,5
managers school,5
los angeles,5
national innovation initiative,5
ibm industry,5
total cost of ownership,5
ibm clubs,5
las vegas,5
tj watsonsr,5
ibm credit,5
thomas watsonjr,5
ibm academic initiative,5
iso 9000,5
mike daniels,5
thomas edison,5
john joyce,5
service level agreements,5
innovation funding,5
ibm venture,5
western europe,5
jim collins,5
marc lautenbach,5
ibm smb,5
windows 95,5
ibm express,5
virtual revolution,5
tivoli access manager,5
wbi modeler,5
ginni rometty,5
innovation outlook,5
lotus notes db,5
san jose,5
al jacobson,4
future health,4
service delivery managers,4
northrop grumman,4
voice mails,4
eiminate siebel weevils,4
hamburg germany,4
randy mcdonald,4
sales partner,4
technical vitality council,4
networking services,4
tony macina,4
venture capital group,4
saudi arabia,4
west africa,4
ibm academy study,4
xcel energy,4
ibm rochester,4
ibm austin,4
thomas j watsonjr,4
change control board,4
job bank,4
innovation management,4
ibm korea,4
future health account,4
computer associates,4
intellectual capital management,4
lou gerstener,4
chamber of commerce,4
ibm microelectronics,4
north carolina,4
isv alliance,4
ibm singapore,4
sandy clements,4
karen parrish,4
total storage,4
innovation metrics,4
yellow dollars,4
corporate technical recognition event,4
lotus smart suite,4
compete more effectively,4
far east,4
ibm project opportunity bank,4
jerry porras,4
ibm americas,4
marketing intelligence,4
microsoft word,4
public administration,4
igs smb,4
ford motor,4
latin american,4
ibm foundational competencies,4
best of blue,4
business effectiveness survey,4
ibm australia,4
linux os,4
team blue,4
midmarket isvs,4
ibm dna,4
risto salmela,4
ibm business consulting services,4
donn atkins,4
individual development plans,4
siebel analytics,4
gs risk,4
janet perna,4
james collins,4
mgr portal,4
emea igs,4
ibm leadership competencies,4
yves m,4
world wide web,3
beth smith,3
best regardsdistinti saluti francesco campiglio sc italy costumer service representative ibmcom emea,3
professional development framework,3
microsoft internet explorer,3
edward de bono,3
wall street,3
ibm supply chain,3
ibm customer agreement,3
windows nt,3
ibm learning services,3
ibm learning solutions,3
global innovation outlook,3
communist china you,3
ap south,3
sales plan process,3
bottom of the pyramid,3
db2 express,3
engagement partner,3
federal express,3
rational unified process for systems engineering,3
bcs fed,3
robin jamesswg,3
ibm sap,3
comms sector,3
ibm data management,3
arthur anderson,3
linux linux,3
berkshire hathaway,3
boca raton,3
clem clarke,3
ibm consulting group,3
lotus globalization,3
lyle mack,3
margaret ashida,3
jon iwata,3
john cohn,3
integration services,3
jpmorgan chase,3
business systems management,3
field management system,3
notes team rooms,3
sri sri ravi,3
ibm south africa,3
john maxwell,3
ibm partnerworld,3
marketing management,3
select committee,3
igs finland,3
office depot,3
siebel crm ondemand,3
ibm netherlands,3
united nations,3
active contract database,3
tivoli business systems manager,3
safety security,3
us army,3
ibm ams,3
worldwide project management method,3
bill zeitler,3
ibm epp,3
sun microsystems,3
paul baffes,3
hursley suggestions scheme,3
united kingdom,3
ams ms,3
lotus workflow,3
ibm boulder,3
archive database,3
world bank,3
information lifecycle management,3
solution leadership initiative,3
bank of america,3
ibm european works council,3
ibm lotus workplace,3
ibm internal entrepreneur,3
healthcare and life sciences,3
sdc south,3
ibm pcd,3
world economic forum,3
diversity network groups,3
universal access,3
mgmt training,3
raymond bello,3
information centers,3
australianew zealand,3
valuesjam coda,3
stephen hawking,3
field engineering,3
glbt sales,3
ibm internal open source bazaar,3
web fountain,3
account executives,3
social agenda,3
business intelligence community focus,3
watson scholarship,3
project management knowledge network,3
enterprise process framework,3
before gerstner,3
lauren states,3
new jersey,3
native american,3
marine corps,3
information services,3
pm leadership exchange,3
daryl meske,3
blue horizons,3
thomas edison albert einstein,3
red sox,3
ibm suggestion programme,2
tape drives,2
ibm advocate program,2
ibm server group,2
eastern european,2
jack welsh,2
wsdd tool,2
terry best,2
linda sanfords,2
southern district of illinois,2
steve haeckel,2
new blue network,2
ibm oem,2
warren buffet,2
quantum cryptography roadmap,2
primal leadership,2
integrated service delivery model,2
brand loyalty,2
northeast sdc,2
ibm workplace services express,2
asia pacific technical operations,2
customer always comes first do all we can,2
tak kushida,2
cgm otoshisan,2
bcs india,2
igs nordics,2
americas service delivery,2
honest timely communication treat each other with respect take time,2
bcs americas delivery excellence,2
museum of natural history,2
smb isvs,2
rational requisitepro,2
ibms global resourcing,2
plan dcp,2
g patrick murphy,2
case studio,2
ibm centers for advanced studies,2
ccr brazil,2
mike hill,2
ibm content manager,2
ibm notes,2
sd smb,2
brian clark,2
thomas jefferson,2
ibm perfect photo,2
st louis,2
skies with,2
ibm global finance,2
advanced business institutes winning the war,2
christopher chaltain,2
displaced ibmer,2
bernice rogowitz,2
garry kasparov,2
charles bennett,2
microsoft netmeeting,2
darpa quantum network,2
jim burke,2
operations coordinator,2
air canada,2
mozilla thunderbird,2
david yaun,2
sincerely joern,2
lou gertsner,2
ibm mexico,2
john soyring,2
platonic form,2
costumer excellence and integrity,2
federal systems division,2
integrated services business,2
colleen arnold,2
mozilla opera,2
gulf war,2
ibm service portal,2
like inside of ibm,2
south african,2
supplemental executive retirement plans,2
ibm learning center,2
grant larsen,2
universal virtual machine,2
vp of communications,2
simon bolivar,2
stock purchase plan,2
industry solutions labs,2
ibm seeds of peace internal public service announcement,2
degree work study program,2
greenock campus,2
mark twain,2
customer support organization,2
hippocratic oath,2
john deere,2
mark dunham,2
annual convention of the national foundation for cancer research,2
americas how,2
amd opteron,2
international open,2
automotive electronics and chemical petroleum,2
ibm terminology,2
doug sandridge,2
bart fehmers,2
with honesty uncompromising integrity take responsibility,2
linus torvalds,2
product introduction center,2
bill george,2
eclipse rich client platform,2
state of health,2
brian haskert,2
american airlines,2
sathya narayana,2
axel koester,2
neale donald walsch,2
scott mcnealy,2
isc leadership,2
peter senge,2
peter andrews,2
pc wares,2
glbt taskforce,2
line managers forum,2
united airlines,2
stephen r covey,2
susan outterson,2
global innovation award,2
ibm assistants,2
ibm nobel prize,2
americas group,2
jane doe,2
ibm technical support,2
core ideology,2
supreme court,2
ogilvy mather,2
rick kulp,2
william young,2
lance armstrong,2
small medium businesses,2
circuit city,2
deloitte touche,2
emea ams,2
america now,2
america american,2
dave cond,2
diversity networking groups,2
paul lopez,2
united parcel service,2
americas information center,2
swg tech sales,2
tivoli storage manager,2
john c maxwell,2
european community,2
wild wild west,2
gerd binnig,2
steven mills,2
abraham lincoln,2
kevin maneys,2
mark waddington,2
doug elixs,2
tony temple,2
middle eastern,2
yorktown heights,2
jose carlos izaguirre zavala,2
andrea landry,2
harley davidson,2
valerie brown,2
joergen hallengren,2
service bureau,2
phd fellowship,2
barbara de jonghe,2
victor hugo,2
dave snowden,2
lou gerstner,2
great britian,2
ssa region,2
word of god,2
nick donofrios,2
frederic bastiat,2
thomas j watsons,2
marc berson,2
grow customerfocus improve,2
entrepreneurship merger,2
inter elles,2
director of finance,2
ibm stock purchase,2
peggy vaughan,2
usa europe,2
interaction design,2
individual course plan,2
