ibmer,ibmers,0
customer,customers,8524
employee,employees,8000
manager,managers,6673
sale,sales,4523
service,services,3642
process,processes,3629
team,teams,3536
year,years,3466
thing,things,3453
product,products,3429
client,clients,3386
idea,ideas,3376
solution,solutions,2796
tool,tools,2753
skill,skills,2720
resource,resources,2155
time,times,2065
system,systems,2056
company,companies,1994
issue,issues,1975
project,projects,1951
opportunity,opportunities,1876
result,results,1870
problem,problems,1696
make,makes,1433
decision,decisions,1269
day,days,1210
requirement,requirements,1203
leader,leaders,1190
comment,comments,1184
job,jobs,1170
benefit,benefits,1151
goal,goals,1117
individual,individuals,1113
cost,costs,1090
country,countries,1077
area,areas,1072
level,levels,1046
organization,organizations,1006
competitor,competitors,985
folk,folks,964
group,groups,962
note,notes,941
term,terms,936
month,months,931
relationship,relationships,929
action,actions,879
program,programs,877
activity,activities,861
partner,partners,820
account,accounts,813
control,controls,795
meeting,meetings,795
work,works,789
colleague,colleagues,788
application,applications,787
deal,deals,781
brand,brands,775
executive,executives,747
case,cases,724
target,targets,723
expectation,expectations,721
point,points,704
effort,efforts,704
require,requires,677
offering,offerings,676
role,roles,662
question,questions,659
line,lines,652
standard,standards,638
capability,capabilities,630
objective,objectives,621
technology,technologies,620
suggestion,suggestions,619
plan,plans,615
measurement,measurements,613
contract,contracts,605
practice,practices,602
part,parts,593
task,tasks,587
business,businesses,576
rule,rules,564
week,weeks,563
situation,situations,562
call,calls,555
community,communities,553
number,numbers,547
challenge,challenges,533
word,words,510
report,reports,505
market,markets,500
incentive,incentives,492
reason,reasons,492
thought,thoughts,480
responsibility,responsibilities,477
user,users,457
experience,experiences,452
reward,rewards,452
communication,communications,445
item,items,444
lot,lots,441
asset,assets,441
dollar,dollars,440
initiative,initiatives,437
award,awards,425
metric,metrics,422
belief,beliefs,422
member,members,421
page,pages,419
site,sites,413
professional,professionals,411
rep,reps,408
event,events,405
function,functions,401
consultant,consultants,401
approval,approvals,396
innovation,innovations,396
policy,policies,395
lead,leads,386
risk,risks,384
review,reviews,377
step,steps,370
request,requests,369
developer,developers,369
procedure,procedures,365
engagement,engagements,360
option,options,352
peer,peers,350
position,positions,350
department,departments,349
component,components,347
expense,expenses,346
model,models,346
expert,experts,344
principle,principles,338
forum,forums,336
aspect,aspects,336
topic,topics,330
guideline,guidelines,325
improvement,improvements,324
commitment,commitments,322
life,lives,318
live,lives,318
division,divisions,317
strategy,strategies,314
silo,silos,313
method,methods,311
measure,measures,309
interest,interests,307
detail,details,306
discussion,discussions,295
window,windows,295
barrier,barriers,294
type,types,292
include,includes,292
contractor,contractors,291
condition,conditions,289
shareholder,shareholders,287
start,starts,283
concern,concerns,281
create,creates,281
priority,priorities,281
statement,statements,281
operation,operations,280
hire,hires,280
budget,budgets,277
server,servers,276
industry,industries,275
exist,exists,275
center,centers,272
supplier,suppliers,271
friend,friends,270
lab,labs,268
worker,workers,267
hour,hours,265
investment,investments,264
competency,competencies,264
matter,matters,264
thousand,thousands,263
post,posts,263
survey,surveys,262
sound,sounds,260
criterion,criteria,258
feature,features,258
contribution,contributions,258
factor,factors,257
patent,patents,256
drive,drives,255
machine,machines,251
performer,performers,251
answer,answers,250
unit,units,248
bring,brings,245
rate,rates,244
vendor,vendors,244
minute,minutes,242
view,views,240
location,locations,238
proposal,proposals,232
class,classes,230
document,documents,229
place,places,228
offer,offers,226
difference,differences,226
hand,hands,225
deliverable,deliverables,223
rating,ratings,222
party,parties,221
session,sessions,221
fund,funds,220
specialist,specialists,219
contact,contacts,218
message,messages,215
link,links,214
feel,feels,214
element,elements,213
profit,profits,212
set,sets,212
child,children,211
family,families,210
strength,strengths,209
depend,depends,207
show,shows,206
force,forces,206
price,prices,205
demand,demands,204
layer,layers,203
saving,savings,202
engineer,engineers,202
career,careers,200
owner,owners,198
impact,impacts,188
environment,environments,188
kind,kinds,187
seller,sellers,187
story,stories,184
support,supports,182
geo,geos,181
assignment,assignments,180
increase,increases,180
boundary,boundaries,179
form,forms,178
sector,sectors,178
architect,architects,178
behavior,behaviors,178
million,millions,177
constraint,constraints,177
channel,channels,177
concept,concepts,175
eye,eyes,174
response,responses,174
geography,geographies,172
mistake,mistakes,172
mentor,mentors,170
fit,fits,169
culture,cultures,169
medium,media,168
presentation,presentations,168
continue,continues,168
region,regions,167
computer,computers,166
technique,techniques,164
win,wins,164
stakeholder,stakeholders,162
structure,structures,161
ethic,ethics,161
relation,relations,161
mind,minds,160
person,persons,158
lesson,lessons,158
player,players,158
innovator,innovators,155
transaction,transactions,153
university,universities,152
trend,trends,152
piece,pieces,152
office,offices,151
guy,guys,151
sell,sells,150
instance,instances,150
play,plays,149
jam,jams,148
student,students,148
password,passwords,147
school,schools,146
stand,stands,146
state,states,146
hundred,hundreds,145
basic,basics,145
lob,lobs,143
opinion,opinions,143
thread,threads,143
success,successes,143
participant,participants,142
audit,audits,141
practitioner,practitioners,140
agreement,agreements,138
add,adds,138
pressure,pressures,137
talent,talents,136
recommendation,recommendations,136
network,networks,136
cycle,cycles,135
provider,providers,134
advantage,advantages,133
amount,amounts,133
update,updates,133
enable,enables,132
expect,expects,132
layoff,layoffs,132
book,books,132
limit,limits,130
path,paths,129
apply,applies,129
corporation,corporations,128
run,runs,128
end,ends,127
facility,facilities,127
code,codes,126
posting,postings,126
interaction,interactions,126
gap,gaps,125
woman,women,124
source,sources,122
insight,insights,121
room,rooms,121
delay,delays,121
order,orders,121
promotion,promotions,119
study,studies,119
field,fields,119
leave,leaves,119
move,moves,119
check,checks,119
schedule,schedules,119
candidate,candidates,119
leaf,leaves,119
approach,approaches,118
consequence,consequences,118
material,materials,118
file,files,117
occur,occurs,116
encourage,encourages,116
reference,references,116
cluster,clusters,116
bid,bids,116
choice,choices,115
direction,directions,115
raise,raises,115
restriction,restrictions,115
lie,lies,115
list,lists,114
hold,holds,114
involve,involves,113
conference,conferences,112
fact,facts,112
purpose,purposes,112
understand,understands,112
platform,platforms,111
bonus,bonuses,109
represent,represents,108
circumstance,circumstances,108
reflect,reflects,108
contributor,contributors,107
quota,quotas,107
connection,connections,106
earn,earns,106
indicator,indicators,104
affect,affects,104
template,templates,104
decade,decades,104
promise,promises,103
law,laws,103
firm,firms,102
negotiation,negotiations,102
care,cares,102
theme,themes,101
act,acts,101
remain,remains,100
side,sides,99
build,builds,99
imply,implies,98
complaint,complaints,97
ability,abilities,96
achievement,achievements,96
package,packages,95
reduce,reduces,95
stage,stages,94
obstacle,obstacles,94
mechanism,mechanisms,94
analyst,analysts,93
attribute,attributes,93
implication,implications,93
deliver,delivers,92
device,devices,92
reply,replies,92
possibility,possibilities,91
profile,profiles,91
exception,exceptions,91
good,goods,91
address,addresses,90
date,dates,90
consumer,consumers,90
entry,entries,90
category,categories,90
alternative,alternatives,89
maker,makers,89
band,bands,89
meet,meets,89
characteristic,characteristics,89
begin,begins,89
return,returns,89
scenario,scenarios,88
revenue,revenues,88
relate,relates,88
difficulty,difficulties,88
perspective,perspectives,88
record,records,87
version,versions,86
discipline,disciplines,86
charge,charges,86
effect,effects,86
pay,pays,85
people,peoples,84
margin,margins,84
driver,drivers,84
investor,investors,83
conflict,conflicts,83
chart,charts,82
cut,cuts,82
outcome,outcomes,82
chance,chances,82
quality,qualities,82
door,doors,81
phone,phones,81
face,faces,81
prevent,prevents,80
failure,failures,80
deadline,deadlines,79
claim,claims,79
feeling,feelings,78
oversea,overseas,78
methodology,methodologies,78
phasis,phases,78
milestone,milestones,78
attempt,attempts,78
phase,phases,78
salary,salaries,77
conversation,conversations,77
card,cards,76
stockholder,stockholders,76
serve,serves,76
manage,manages,75
inhibitor,inhibitors,75
sort,sorts,75
segment,segments,75
politic,politics,75
release,releases,75
duty,duties,74
style,styles,74
entity,entities,73
earning,earnings,73
demonstrate,demonstrates,73
wall,walls,73
key,keys,72
today,todays,72
researcher,researchers,72
fail,fails,72
lawyer,lawyers,72
specific,specifics,72
government,governments,72
accomplishment,accomplishments,72
observation,observations,71
period,periods,71
contribute,contributes,71
holiday,holidays,71
improve,improves,71
head,heads,71
license,licenses,71
partnership,partnerships,71
generate,generates,71
pattern,patterns,70
figure,figures,70
interface,interfaces,70
letter,letters,69
fall,falls,69
representative,representatives,69
error,errors,69
talk,talks,69
fee,fees,68
assumption,assumptions,68
teammate,teammates,68
tie,ties,68
estimate,estimates,67
inventor,inventors,67
hurt,hurts,67
moment,moments,67
spend,spends,67
hit,hits,67
certification,certifications,67
share,shares,67
rank,ranks,66
block,blocks,66
paper,papers,65
cover,covers,65
game,games,65
territory,territories,65
occasion,occasions,64
economy,economies,64
operate,operates,64
break,breaks,64
acquisition,acquisitions,63
reality,realities,63
enhancement,enhancements,63
weakness,weaknesses,63
profession,professions,62
tower,towers,62
send,sends,62
recognize,recognizes,62
bug,bugs,62
attitude,attitudes,62
institution,institutions,62
regulation,regulations,61
board,boards,61
ton,tons,61
mail,mails,61
gain,gains,60
turn,turns,60
parameter,parameters,60
language,languages,60
habit,habits,60
input,inputs,60
auditor,auditors,60
fix,fixes,59
payment,payments,59
printer,printers,59
weekend,weekends,59
implementation,implementations,59
assessment,assessments,59
efficiency,efficiencies,59
development,developments,58
delegation,delegations,58
promote,promotes,58
article,articles,58
sign,signs,58
suggest,suggests,58
speak,speaks,58
parent,parents,58
picture,pictures,57
invention,inventions,57
prospect,prospects,57
man,men,57
volume,volumes,57
reduction,reductions,57
root,roots,56
count,counts,56
pension,pensions,56
foot,feet,56
interview,interviews,56
supply,supplies,56
enterprise,enterprises,56
defect,defects,56
volunteer,volunteers,56
aspiration,aspirations,56
tip,tips,56
agenda,agendas,55
stop,stops,55
grow,grows,55
discount,discounts,55
test,tests,54
develop,develops,54
citizen,citizens,54
design,designs,54
instruction,instructions,54
sit,sits,54
route,routes,53
advocate,advocates,53
nation,nations,53
foster,fosters,53
upgrade,upgrades,53
quarter,quarters,52
treat,treats,52
transfer,transfers,52
trench,trenches,52
pocket,pockets,52
workshop,workshops,52
receive,receives,52
balance,balances,52
dealing,dealings,51
ensure,ensures,51
border,borders,51
dynamic,dynamics,51
bill,bills,51
format,formats,51
exchange,exchanges,51
title,titles,51
respect,respects,50
subject,subjects,50
save,saves,50
purchase,purchases,50
ticket,tickets,50
chain,chains,49
evaluation,evaluations,49
quote,quotes,49
assistant,assistants,49
suffer,suffers,49
find,finds,49
director,directors,48
degree,degrees,48
billion,billions,48
designer,designers,48
sport,sports,48
background,backgrounds,48
roadblock,roadblocks,47
visit,visits,47
agree,agrees,47
query,queries,47
trait,traits,47
slow,slows,47
decide,decides,46
cent,cents,46
flow,flows,46
financial,financials,46
bank,banks,46
shift,shifts,46
perception,perceptions,46
engine,engines,46
society,societies,46
lack,lacks,46
produce,produces,45
lose,loses,45
delivery,deliveries,45
motivate,motivates,45
module,modules,45
training,trainings,45
programmer,programmers,45
complexity,complexities,45
building,buildings,45
campaign,campaigns,45
agent,agents,45
dozen,dozens,44
battle,battles,44
alliance,alliances,44
store,stores,44
invoice,invoices,44
pain,pains,44
coach,coaches,44
dimension,dimensions,43
definition,definitions,43
chip,chips,43
deserve,deserves,43
car,cars,43
counterpart,counterparts,43
proposition,propositions,43
touch,touches,42
fundamental,fundamentals,42
human,humans,42
desk,desks,42
pool,pools,41
guide,guides,41
description,descriptions,41
arise,arises,41
repository,repositories,41
content,contents,41
mile,miles,41
define,defines,41
adjustment,adjustments,41
administrator,administrators,41
world,worlds,40
acronym,acronyms,40
zone,zones,40
base,bases,40
search,searches,40
limitation,limitations,40
backward,backwards,40
strike,strikes,40
dividend,dividends,40
poster,posters,40
graduate,graduates,40
commercial,commercials,40
architecture,architectures,40
basis,bases,40
processor,processors,40
loss,losses,39
influence,influences,39
desire,desires,39
adult,adults,39
power,powers,39
generation,generations,39
agency,agencies,39
extend,extends,38
vision,visions,38
differentiate,differentiates,38
logistic,logistics,38
ideal,ideals,38
vacation,vacations,38
venture,ventures,38
buy,buys,38
holder,holders,38
heart,hearts,38
credit,credits,38
vary,varies,38
advance,advances,38
match,matches,38
troop,troops,38
track,tracks,38
staff,staffs,37
vertical,verticals,37
pilot,pilots,37
sentiment,sentiments,37
announcement,announcements,37
regular,regulars,37
shop,shops,37
commodity,commodities,37
subordinate,subordinates,37
attachment,attachments,37
seminar,seminars,36
statistic,statistics,36
finger,fingers,36
science,sciences,36
pricer,pricers,36
back,backs,36
intention,intentions,36
configuration,configurations,36
cheer,cheers,36
religion,religions,36
buyer,buyers,36
brain,brains,35
preference,preferences,35
flight,flights,35
describe,describes,35
principal,principals,35
dream,dreams,35
section,sections,35
portal,portals,35
copy,copies,35
employer,employers,35
forecast,forecasts,35
tax,taxes,35
transition,transitions,34
carry,carries,34
deployment,deployments,34
open,opens,34
city,cities,34
threat,threats,34
rely,relies,34
feed,feeds,34
consist,consists,34
manger,mangers,34
inhibit,inhibits,34
trust,trusts,34
penalty,penalties,34
body,bodies,34
entrepreneur,entrepreneurs,34
sponsor,sponsors,33
span,spans,33
economic,economics,33
commission,commissions,33
infrastructure,infrastructures,33
dinner,dinners,33
reinforce,reinforces,33
ten,tens,33
masse,masses,33
mass,masses,33
exercise,exercises,33
highlight,highlights,33
approver,approvers,33
score,scores,33
scene,scenes,33
dependency,dependencies,33
electronic,electronics,32
setting,settings,32
hope,hopes,32
string,strings,32
affair,affairs,32
manufacturer,manufacturers,32
mission,missions,32
perform,performs,32
excuse,excuses,32
scheme,schemes,32
present,presents,32
artifact,artifacts,32
odd,odds,32
sacrifice,sacrifices,32
arm,arms,32
stay,stays,32
premise,premises,31
subcontractor,subcontractors,31
replacement,replacements,31
advisor,advisors,31
hurdle,hurdles,31
discourage,discourages,31
suit,suits,31
arrangement,arrangements,31
enabler,enablers,31
headquarter,headquarters,31
advertisement,advertisements,30
home,homes,30
surprise,surprises,30
size,sizes,30
identify,identifies,30
gift,gifts,30
screen,screens,30
liner,liners,30
frustration,frustrations,30
patch,patches,30
reach,reaches,30
speaker,speakers,30
finding,findings,30
inefficiency,inefficiencies,30
winner,winners,30
bit,bits,30
facet,facets,30
timer,timers,29
translate,translates,29
virus,viruses,29
night,nights,29
thinker,thinkers,29
space,spaces,29
belong,belongs,29
merit,merits,29
walk,walks,29
master,masters,29
graphic,graphics,29
stride,strides,29
signal,signals,29
feedback,feedbacks,29
integrator,integrators,29
manual,manuals,29
dictate,dictates,29
breed,breeds,28
norm,norms,28
grant,grants,28
slide,slides,28
wage,wages,28
hospital,hospitals,28
sheet,sheets,28
submission,submissions,28
fellow,fellows,28
invest,invests,28
obligation,obligations,28
stem,stems,28
starter,starters,28
struggle,struggles,28
table,tables,28
publication,publications,28
remind,reminds,28
consideration,considerations,28
min,mins,28
technician,technicians,28
framework,frameworks,28
pass,passes,27
follower,followers,27
mate,mates,27
close,closes,27
reseller,resellers,27
exceed,exceeds,27
information,informations,27
encompass,encompasses,27
flaw,flaws,27
linkage,linkages,27
specification,specifications,27
boss,bosses,27
argument,arguments,27
handle,handles,27
prove,proves,27
dot,dots,27
intern,interns,27
vehicle,vehicles,27
passe,passes,27
scholar,scholars,27
gate,gates,27
yield,yields,26
display,displays,26
assume,assumes,26
audience,audiences,26
owe,owes,26
object,objects,26
domain,domains,26
percentage,percentages,26
college,colleges,26
hotel,hotels,26
club,clubs,26
miss,misses,26
kill,kills,26
exposure,exposures,25
tactic,tactics,25
read,reads,25
calendar,calendars,25
ingredient,ingredients,25
newcomer,newcomers,25
character,characters,25
teacher,teachers,25
actual,actuals,25
top,tops,25
personality,personalities,25
boil,boils,25
charity,charities,25
pillar,pillars,25
mechanic,mechanics,25
doctor,doctors,25
facilitate,facilitates,25
determine,determines,25
scientist,scientists,25
disability,disabilities,24
succeed,succeeds,24
filter,filters,24
bridge,bridges,24
disaster,disasters,24
engage,engages,24
modification,modifications,24
voice,voices,24
constituency,constituencies,24
energy,energies,24
recipient,recipients,24
plant,plants,24
waste,wastes,24
maintain,maintains,24
sla,slas,24
apology,apologies,24
reminder,reminders,24
synergy,synergies,24
apple,apples,24
roll,rolls,23
chair,chairs,23
shoulder,shoulders,23
buddy,buddies,23
monitor,monitors,23
front,fronts,23
sow,sows,23
avenue,avenues,23
hoop,hoops,23
attack,attacks,23
expenditure,expenditures,23
picnic,picnics,23
learn,learns,23
prototype,prototypes,23
salesman,salesmen,23
light,lights,23
frustrate,frustrates,23
hero,heroes,23
age,ages,23
appraisal,appraisals,23
distributor,distributors,23
reaction,reactions,23
tooth,teeth,22
teach,teaches,22
sabbatical,sabbaticals,22
motivation,motivations,22
upward,upwards,22
accountant,accountants,22
bottleneck,bottlenecks,22
champion,champions,22
directive,directives,22
aid,aids,22
war,wars,22
spot,spots,22
council,councils,22
influencer,influencers,22
hole,holes,22
trouble,troubles,22
perk,perks,22
reviewer,reviewers,22
guarantee,guarantees,22
variable,variables,21
crack,cracks,21
achieve,achieves,21
disappear,disappears,21
equal,equals,21
prize,prizes,21
finance,finances,21
bundle,bundles,21
extension,extensions,21
refer,refers,21
phrase,phrases,21
hinder,hinders,21
minority,minorities,21
install,installs,21
meaning,meanings,21
doer,doers,21
scale,scales,21
branch,branches,21
emotion,emotions,20
lawsuit,lawsuits,20
sample,samples,20
analytic,analytics,20
access,accesses,20
explanation,explanations,20
utility,utilities,20
photo,photos,20
spouse,spouses,20
alert,alerts,20
reservation,reservations,20
variation,variations,20
custom,customs,20
slogan,slogans,20
discuss,discusses,20
disclosure,disclosures,20
arrive,arrives,20
eliminate,eliminates,20
mention,mentions,20
clothe,clothes,20
drop,drops,19
wave,waves,19
cue,cues,19
author,authors,19
reside,resides,19
execute,executes,19
entail,entails,19
applicant,applicants,19
embrace,embraces,19
output,outputs,19
trip,trips,19
ecosystem,ecosystems,19
wheel,wheels,19
participate,participates,19
congratulation,congratulations,19
incident,incidents,19
installation,installations,19
corner,corners,19
solve,solves,19
deed,deeds,19
remove,removes,19
leverage,leverages,19
clause,clauses,19
notice,notices,19
overhead,overheads,19
adopter,adopters,19
moral,morals,19
portfolio,portfolios,19
memory,memories,19
hint,hints,19
choose,chooses,19
debate,debates,19
employ,employs,18
receipt,receipts,18
emergency,emergencies,18
realize,realizes,18
secretary,secretaries,18
gut,guts,18
resume,resumes,18
seat,seats,18
supplemental,supplementals,18
associate,associates,18
crisis,crises,18
stifle,stifles,18
opening,openings,18
portion,portions,18
vote,votes,18
image,images,18
fire,fires,18
celebration,celebrations,18
terminal,terminals,18
notification,notifications,18
remark,remarks,18
join,joins,18
differentiator,differentiators,18
rest,rests,18
bound,bounds,18
bond,bonds,18
suite,suites,18
authority,authorities,18
ice,ices,18
protocol,protocols,18
ground,grounds,18
neighbor,neighbors,18
defeat,defeats,18
signature,signatures,18
flower,flowers,18
money,monies,18
seam,seams,18
disconnect,disconnects,17
learning,learnings,17
pull,pulls,17
implement,implements,17
behave,behaves,17
chat,chats,17
hat,hats,17
library,libraries,17
enhance,enhances,17
magazine,magazines,17
direct,directs,17
deviation,deviations,17
fear,fears,17
carrier,carriers,17
conclusion,conclusions,17
competence,competences,17
hall,halls,17
transformation,transformations,17
click,clicks,17
establish,establishes,17
encounter,encounters,17
camp,camps,17
recruit,recruits,17
respond,responds,17
generalist,generalists,17
aim,aims,17
loose,looses,17
ear,ears,17
seek,seeks,17
explain,explains,17
height,heights,17
misunderstanding,misunderstandings,17
trigger,triggers,17
association,associations,17
decrease,decreases,17
angle,angles,17
load,loads,17
accessory,accessories,17
push,pushes,17
outsider,outsiders,17
ramification,ramifications,17
worry,worries,17
committee,committees,17
ambassador,ambassadors,17
mark,marks,17
alumnus,alumni,17
lecture,lectures,17
crash,crashes,17
projection,projections,16
union,unions,16
attorney,attorneys,16
thrive,thrives,16
recognition,recognitions,16
star,stars,16
rumor,rumors,16
entitlement,entitlements,16
drill,drills,16
briefing,briefings,16
disadvantage,disadvantages,16
folder,folders,16
upline,uplines,16
cross,crosses,16
viewpoint,viewpoints,16
counter,counters,16
browser,browsers,16
log,logs,16
capture,captures,16
reader,readers,16
warehouse,warehouses,16
inspire,inspires,16
ala,alas,16
differ,differs,16
abuse,abuses,16
taker,takers,16
write,writes,16
button,buttons,16
cell,cells,16
permit,permits,16
girl,girls,16
strive,strives,16
premium,premiums,16
stream,streams,16
academic,academics,15
outage,outages,15
backup,backups,15
lunch,lunches,15
performance,performances,15
sum,sums,15
subsidiary,subsidiaries,15
donation,donations,15
duck,ducks,15
blade,blades,15
iteration,iterations,15
professor,professors,15
specialty,specialties,15
positive,positives,15
techy,techies,15
doubt,doubts,15
pitfall,pitfalls,15
rotation,rotations,15
battery,batteries,15
bet,bets,15
repercussion,repercussions,15
addition,additions,15
instructor,instructors,15
net,nets,15
visitor,visitors,15
sis,ses,15
color,colors,15
communicate,communicates,15
empower,empowers,15
register,registers,15
internal,internals,15
stock,stocks,15
redundancy,redundancies,15
management,managements,15
flyer,flyers,15
propose,proposes,15
overlap,overlaps,15
relative,relatives,15
instrument,instruments,15
tier,tiers,15
compromise,compromises,15
archive,archives,15
circle,circles,15
contest,contests,15
capitalist,capitalists,15
movement,movements,15
justification,justifications,15
classroom,classrooms,15
factory,factories,15
senior,seniors,15
constituent,constituents,15
travel,travels,14
virtue,virtues,14
confuse,confuses,14
combination,combinations,14
memo,memos,14
pro,pros,14
shape,shapes,14
builder,builders,14
mother,mothers,14
impediment,impediments,14
flag,flags,14
damage,damages,14
diagram,diagrams,14
elephant,elephants,14
avoid,avoids,14
matrix,matrices,14
con,cons,14
pointer,pointers,14
airport,airports,14
thesis,theses,14
interval,intervals,14
align,aligns,14
race,races,14
dan,dans,14
distribution,distributions,14
love,loves,14
stress,stresses,14
badge,badges,14
sensor,sensors,14
mirror,mirrors,14
node,nodes,14
approve,approves,14
script,scripts,14
impression,impressions,14
nut,nuts,14
potential,potentials,14
amaze,amazes,14
interpretation,interpretations,14
nuance,nuances,14
headache,headaches,14
allowance,allowances,13
algorithm,algorithms,13
reimbursement,reimbursements,13
passion,passions,13
inquiry,inquiries,13
threaten,threatens,13
father,fathers,13
competition,competitions,13
token,tokens,13
impede,impedes,13
reveal,reveals,13
expression,expressions,13
street,streets,13
ship,ships,13
deficiency,deficiencies,13
veteran,veterans,13
fruit,fruits,13
chunk,chunks,13
inconsistency,inconsistencies,13
mandate,mandates,13
curve,curves,13
secret,secrets,13
scan,scans,13
renewal,renewals,13
doc,docs,13
patient,patients,13
sense,senses,13
population,populations,13
endeavor,endeavors,13
disk,disks,13
creator,creators,13
rise,rises,13
house,houses,13
inventory,inventories,13
buck,bucks,13
authorization,authorizations,13
outing,outings,13
symptom,symptoms,13
mill,mills,13
scandal,scandals,13
qualification,qualifications,13
beat,beats,13
nomination,nominations,13
video,videos,12
evening,evenings,12
restrict,restricts,12
century,centuries,12
preclude,precludes,12
joke,jokes,12
collaboration,collaborations,12
allocation,allocations,12
acknowledge,acknowledges,12
ratio,ratios,12
mode,modes,12
integrate,integrates,12
pipeline,pipelines,12
imperative,imperatives,12
functionality,functionalities,12
capacity,capacities,12
protect,protects,12
hub,hubs,12
calculation,calculations,12
tension,tensions,12
emphasize,emphasizes,12
planner,planners,12
technologist,technologists,12
investigation,investigations,12
laboratory,laboratories,12
truth,truths,12
cap,caps,12
prefer,prefers,12
violation,violations,12
freeze,freezes,12
range,ranges,12
gathering,gatherings,12
spec,specs,12
pick,picks,12
officer,officers,12
transform,transforms,12
court,courts,12
motive,motives,12
cornerstone,cornerstones,12
tree,trees,12
certificate,certificates,12
horizon,horizons,12
maximize,maximizes,12
bar,bars,12
paradigm,paradigms,12
institute,institutes,12
switch,switches,12
outweigh,outweighs,12
moderator,moderators,12
toe,toes,12
consume,consumes,12
judge,judges,12
demonstration,demonstrations,12
stick,sticks,12
replace,replaces,11
working,workings,11
length,lengths,11
road,roads,11
multinational,multinationals,11
intervention,interventions,11
conviction,convictions,11
education,educations,11
assist,assists,11
tester,testers,11
tutorial,tutorials,11
lever,levers,11
preach,preaches,11
attend,attends,11
distraction,distractions,11
actor,actors,11
solver,solvers,11
undermine,undermines,11
disbelief,disbeliefs,11
manner,manners,11
liability,liabilities,11
comer,comers,11
tradition,traditions,11
speed,speeds,11
experiment,experiments,11
expose,exposes,11
construct,constructs,11
recommend,recommends,11
conduct,conducts,11
enter,enters,11
bullet,bullets,11
ring,rings,11
incorporate,incorporates,11
headline,headlines,11
internship,internships,11
writer,writers,11
pose,poses,11
checker,checkers,11
miracle,miracles,11
distinguish,distinguishes,11
loop,loops,11
weevil,weevils,11
ninety,nineties,11
map,maps,11
lease,leases,11
constitute,constitutes,11
emerge,emerges,11
accept,accepts,11
enemy,enemies,11
shipment,shipments,11
theory,theories,11
credential,credentials,11
wood,woods,11
exit,exits,11
fulfill,fulfills,11
victim,victims,11
accomplish,accomplishes,11
skew,skews,11
comparison,comparisons,11
appliance,appliances,11
tenet,tenets,11
listen,listens,11
incubator,incubators,11
commit,commits,11
shot,shots,11
connect,connects,11
convey,conveys,11
birthday,birthdays,11
minimize,minimizes,11
interlock,interlocks,11
separate,separates,11
leap,leaps,11
corporate,corporates,10
bottom,bottoms,10
initiate,initiates,10
newspaper,newspapers,10
interact,interacts,10
compete,competes,10
introduce,introduces,10
fortune,fortunes,10
camera,cameras,10
fiefdom,fiefdoms,10
evaluate,evaluates,10
evolve,evolves,10
analyse,analyses,10
round,rounds,10
retailer,retailers,10
invite,invites,10
demographic,demographics,10
blue,blues,10
attract,attracts,10
icon,icons,10
negotiator,negotiators,10
diminish,diminishes,10
semiconductor,semiconductors,10
vacancy,vacancies,10
tear,tears,10
dinosaur,dinosaurs,10
shortage,shortages,10
notion,notions,10
fight,fights,10
correction,corrections,10
operator,operators,10
outline,outlines,10
exhibit,exhibits,10
shirt,shirts,10
distinction,distinctions,10
summary,summaries,10
forward,forwards,10
prevail,prevails,10
evangelist,evangelists,10
strengthen,strengthens,10
income,incomes,10
loser,losers,10
column,columns,10
foundation,foundations,10
trick,tricks,10
refuse,refuses,10
bother,bothers,10
select,selects,10
appeal,appeals,10
bone,bones,10
slot,slots,10
jammer,jammers,10
pager,pagers,10
dispute,disputes,10
artist,artists,10
protege,proteges,10
submit,submits,10
concession,concessions,10
portlet,portlets,10
port,ports,10
trainee,trainees,10
replica,replicas,10
pad,pads,10
mountain,mountains,10
embody,embodies,10
resonate,resonates,10
park,parks,10
analysis,analyses,10
ignore,ignores,10
motor,motors,10
provision,provisions,10
queue,queues,9
workplace,workplaces,9
generator,generators,9
underpinning,underpinnings,9
frame,frames,9
semantic,semantics,9
utilize,utilizes,9
equate,equates,9
smart,smarts,9
telecommunication,telecommunications,9
cup,cups,9
estate,estates,9
dashboard,dashboards,9
payable,payables,9
justify,justifies,9
research,researches,9
kick,kicks,9
continent,continents,9
afford,affords,9
future,futures,9
breakdown,breakdowns,9
insist,insists,9
animal,animals,9
ball,balls,9
reset,resets,9
slip,slips,9
trial,trials,9
bias,biases,9
soldier,soldiers,9
erode,erodes,9
storm,storms,9
county,counties,9
interruption,interruptions,9
pair,pairs,9
drain,drains,9
junior,juniors,9
superior,superiors,9
panel,panels,9
bus,buses,9
boomer,boomers,9
geek,geeks,9
opus,opera,9
criteria,criterias,9
supplement,supplements,9
complication,complications,9
sizing,sizings,9
subset,subsets,9
property,properties,9
shine,shines,9
mar,mars,9
complain,complains,9
trail,trails,9
necessitate,necessitates,9
affiliate,affiliates,9
friendship,friendships,9
adhere,adheres,9
essential,essentials,9
quantity,quantities,9
ware,wares,9
suck,sucks,9
destroy,destroys,9
stretch,stretches,9
complete,completes,9
leg,legs,9
stack,stacks,9
paragraph,paragraphs,9
blueprint,blueprints,9
expand,expands,9
combine,combines,9
anniversary,anniversaries,9
hallway,hallways,9
draw,draws,9
refinement,refinements,9
grade,grades,9
soul,souls,9
speech,speeches,9
simplify,simplifies,9
collection,collections,9
water,waters,9
headlight,headlights,9
tab,tabs,9
illness,illnesses,8
couple,couples,8
illustrate,illustrates,8
extra,extras,8
death,deaths,8
horse,horses,8
pack,packs,8
farm,farms,8
controller,controllers,8
assignee,assignees,8
editor,editors,8
boy,boys,8
gem,gems,8
showcase,showcases,8
acquire,acquires,8
son,sons,8
critic,critics,8
cease,ceases,8
contingency,contingencies,8
voucher,vouchers,8
divide,divides,8
grunt,grunts,8
breakthrough,breakthroughs,8
rival,rivals,8
accelerator,accelerators,8
sleeve,sleeves,8
notebook,notebooks,8
tank,tanks,8
luncheon,luncheons,8
satisfy,satisfies,8
traveler,travelers,8
juice,juices,8
accountability,accountabilities,8
dilute,dilutes,8
bee,bees,8
medicine,medicines,8
compare,compares,8
pen,pens,8
assure,assures,8
climate,climates,8
permeate,permeates,8
stimulate,stimulates,8
god,gods,8
hear,hears,8
impose,imposes,8
origin,origins,8
poll,polls,8
lower,lowers,8
grievance,grievances,8
peripheral,peripherals,8
advert,adverts,8
integration,integrations,8
appointment,appointments,8
cable,cables,8
abbreviation,abbreviations,8
worm,worms,8
negative,negatives,8
compensate,compensates,8
text,texts,8
supporter,supporters,8
warning,warnings,8
peak,peaks,8
shortcoming,shortcomings,8
launch,launches,8
station,stations,8
keyboard,keyboards,8
detector,detectors,8
journal,journals,8
meal,meals,8
hamper,hampers,8
hiccup,hiccups,8
general,generals,8
fill,fills,8
bind,binds,8
plate,plates,8
surround,surrounds,8
pop,pops,8
shade,shades,8
achiever,achievers,8
clash,clashes,8
console,consoles,8
digit,digits,8
glass,glasses,8
comprise,comprises,8
floor,floors,8
outlet,outlets,8
movie,movies,8
lay,lays,8
plaque,plaques,8
observer,observers,8
sea,seas,8
inroad,inroads,8
penny,pennies,8
annoyance,annoyances,8
bin,bins,8
tag,tags,8
bear,bears,8
progress,progresses,8
inspector,inspectors,8
host,hosts,8
prohibit,prohibits,8
spread,spreads,8
advancement,advancements,7
intend,intends,7
asse,asses,7
land,lands,7
prepare,prepares,7
tape,tapes,7
reserve,reserves,7
equipment,equipments,7
verse,verses,7
steal,steals,7
league,leagues,7
innovate,innovates,7
uncertainty,uncertainties,7
flavor,flavors,7
express,expresses,7
restaurant,restaurants,7
cater,caters,7
communicator,communicators,7
onward,onwards,7
interdependency,interdependencies,7
incur,incurs,7
drawback,drawbacks,7
contradict,contradicts,7
upset,upsets,7
eighty,eighties,7
caveat,caveats,7
collect,collects,7
rally,rallies,7
ambition,ambitions,7
disagree,disagrees,7
distract,distracts,7
inadequacy,inadequacies,7
similarity,similarities,7
penalize,penalizes,7
container,containers,7
revision,revisions,7
grouping,groupings,7
command,commands,7
official,officials,7
pursuit,pursuits,7
privilege,privileges,7
prop,props,7
servant,servants,7
bucket,buckets,7
exclude,excludes,7
ass,asses,7
clue,clues,7
compiler,compilers,7
presenter,presenters,7
disappointment,disappointments,7
resolution,resolutions,7
revolve,revolves,7
island,islands,7
buster,busters,7
portray,portrays,7
pride,prides,7
enjoy,enjoys,7
corp,corps,7
prof,profs,7
stroke,strokes,7
variant,variants,7
giant,giants,7
myth,myths,7
disparity,disparities,7
necessity,necessities,7
listener,listeners,7
daughter,daughters,7
total,totals,7
orientation,orientations,7
offender,offenders,7
hierarchy,hierarchies,7
assign,assigns,7
manufacture,manufactures,7
booth,booths,7
grad,grads,7
caller,callers,7
eat,eats,7
sender,senders,7
translator,translators,7
kit,kits,7
facilitator,facilitators,7
spade,spades,7
campus,campuses,7
wear,wears,7
trade,trades,7
blessing,blessings,7
discrepancy,discrepancies,7
wrong,wrongs,7
context,contexts,7
frontier,frontiers,7
exam,exams,7
niche,niches,7
disagreement,disagreements,7
survive,survives,7
truck,trucks,7
throw,throws,7
salesperson,salespersons,7
mall,malls,7
pound,pounds,7
stint,stints,7
manifest,manifests,7
inspection,inspections,7
bureaucracy,bureaucracies,7
referral,referrals,7
visa,visas,7
army,armies,7
deck,decks,7
broadcast,broadcasts,7
excel,excels,7
subsystem,subsystems,7
fuel,fuels,7
accelerate,accelerates,7
lend,lends,7
extreme,extremes,7
gear,gears,7
routine,routines,7
booking,bookings,7
blow,blows,7
cabinet,cabinets,7
fan,fans,7
edge,edges,7
proof,proofs,7
guru,gurus,7
exemplify,exemplifies,7
increment,increments,6
passenger,passengers,6
sponsorship,sponsorships,6
bypass,bypasses,6
bell,bells,6
belt,belts,6
robot,robots,6
bump,bumps,6
recovery,recoveries,6
train,trains,6
invitation,invitations,6
regret,regrets,6
exploit,exploits,6
outlook,outlooks,6
learner,learners,6
arena,arenas,6
enforce,enforces,6
jump,jumps,6
convert,converts,6
fare,fares,6
widow,widows,6
dialogue,dialogues,6
failing,failings,6
voter,voters,6
nationality,nationalities,6
gender,genders,6
toy,toys,6
kiosk,kiosks,6
validation,validations,6
parallel,parallels,6
flavour,flavours,6
prompt,prompts,6
representation,representations,6
directory,directories,6
oversee,oversees,6
village,villages,6
restraint,restraints,6
disclaimer,disclaimers,6
violator,violators,6
enrich,enriches,6
adapter,adapters,6
simulation,simulations,6
rebate,rebates,6
drug,drugs,6
resemble,resembles,6
strategist,strategists,6
hike,hikes,6
underscore,underscores,6
cloud,clouds,6
scare,scares,6
vulnerability,vulnerabilities,6
gather,gathers,6
keeper,keepers,6
invent,invents,6
scout,scouts,6
founder,founders,6
permission,permissions,6
glove,gloves,6
philosophy,philosophies,6
negate,negates,6
forget,forgets,6
convention,conventions,6
brick,bricks,6
newsletter,newsletters,6
uniform,uniforms,6
separation,separations,6
timing,timings,6
argue,argues,6
spoke,spokes,6
prerequisite,prerequisites,6
tail,tails,6
legend,legends,6
nugget,nuggets,6
compliment,compliments,6
affiliation,affiliations,6
stopper,stoppers,6
equivalent,equivalents,6
wallet,wallets,6
deliverer,deliverers,6
deploy,deploys,6
president,presidents,6
venue,venues,6
distance,distances,6
tile,tiles,6
apar,apars,6
listing,listings,6
rock,rocks,6
grid,grids,6
deem,deems,6
democracy,democracies,6
termination,terminations,6
announce,announces,6
cubicle,cubicles,6
adopt,adopts,6
trajectory,trajectories,6
downturn,downturns,6
capital,capitals,6
shelf,shelves,6
whim,whims,6
persist,persists,6
male,males,6
heuristic,heuristics,6
producer,producers,6
sustain,sustains,6
independent,independents,6
shrink,shrinks,6
airplane,airplanes,6
transcend,transcends,6
egg,eggs,6
liaison,liaisons,6
objection,objections,6
react,reacts,6
police,polices,6
burden,burdens,6
instinct,instincts,6
museum,museums,6
teaching,teachings,6
retire,retires,6
perceive,perceives,6
sentence,sentences,6
reign,reigns,6
earthquake,earthquakes,6
dominate,dominates,6
railroad,railroads,6
understanding,understandings,6
resolve,resolves,6
instill,instills,6
selection,selections,6
judgment,judgments,6
trap,traps,6
broker,brokers,6
requester,requesters,6
art,arts,6
corridor,corridors,5
tale,tales,5
sensitivity,sensitivities,5
split,splits,5
knock,knocks,5
binder,binders,5
reap,reaps,5
remedy,remedies,5
mouth,mouths,5
pot,pots,5
hassle,hassles,5
gun,guns,5
default,defaults,5
reject,rejects,5
phenomenon,phenomena,5
boost,boosts,5
scope,scopes,5
footstep,footsteps,5
nightmare,nightmares,5
foil,foils,5
loyalty,loyalties,5
hinge,hinges,5
speculator,speculators,5
assurance,assurances,5
surface,surfaces,5
label,labels,5
strain,strains,5
casualty,casualties,5
merger,mergers,5
stripe,stripes,5
chi,chis,5
hair,hairs,5
wing,wings,5
clock,clocks,5
discovery,discoveries,5
beneficiary,beneficiaries,5
farmer,farmers,5
gig,gigs,5
spirit,spirits,5
clarification,clarifications,5
prejudice,prejudices,5
warrant,warrants,5
projector,projectors,5
pipe,pipes,5
local,locals,5
differential,differentials,5
slave,slaves,5
dell,dells,5
charter,charters,5
fair,fairs,5
deduction,deductions,5
ripple,ripples,5
rose,roses,5
mature,matures,5
supervisor,supervisors,5
baby,babies,5
bird,birds,5
cog,cogs,5
economist,economists,5
remember,remembers,5
proportion,proportions,5
finish,finishes,5
pusher,pushers,5
wait,waits,5
activist,activists,5
beg,begs,5
proceed,proceeds,5
heading,headings,5
interpret,interprets,5
summarize,summarizes,5
anchor,anchors,5
inhibition,inhibitions,5
narrative,narratives,5
remote,remotes,5
spoon,spoons,5
criminal,criminals,5
defend,defends,5
retain,retains,5
clip,clips,5
tour,tours,5
cafeteria,cafeterias,5
thief,thieves,5
stuff,stuffs,5
belonging,belongings,5
equation,equations,5
cartridge,cartridges,5
sar,sars,5
temp,temps,5
login,logins,5
relay,relays,5
energize,energizes,5
staffer,staffers,5
concentrate,concentrates,5
crop,crops,5
spring,springs,5
pertain,pertains,5
plain,plains,5
stamp,stamps,5
retirement,retirements,5
quotation,quotations,5
peter,peters,5
translation,translations,5
surrounding,surroundings,5
mouse,mice,5
mac,macs,5
pitch,pitches,5
confirm,confirms,5
advice,advices,5
gay,gays,5
fluctuation,fluctuations,5
wrap,wraps,5
variance,variances,5
settle,settles,5
tire,tires,5
platitude,platitudes,5
decline,declines,5
weapon,weapons,5
sin,sins,5
clone,clones,5
whale,whales,5
hitter,hitters,5
menu,menus,5
classification,classifications,5
accident,accidents,5
billing,billings,5
consolidation,consolidations,5
setup,setups,5
render,renders,5
boat,boats,5
scholarship,scholarships,5
favorite,favorites,5
strand,strands,5
plane,planes,5
ally,allies,5
designation,designations,5
duplicate,duplicates,5
trainer,trainers,5
intangible,intangibles,5
traveller,travellers,5
receiver,receivers,5
holding,holdings,5
discover,discovers,5
initial,initials,5
bolt,bolts,5
threshold,thresholds,5
massage,massages,5
trader,traders,5
spark,sparks,5
donate,donates,5
collaborator,collaborators,5
contradiction,contradictions,5
utilization,utilizations,5
dad,dads,5
clinic,clinics,5
pit,pits,5
free,frees,5
commandment,commandments,5
catch,catches,5
respondent,respondents,5
song,songs,5
mathematic,mathematics,5
knot,knots,5
absolute,absolutes,4
adapt,adapts,4
rich,riches,4
boarder,boarders,4
intent,intents,4
cadence,cadences,4
photon,photons,4
bubble,bubbles,4
jargon,jargons,4
gadget,gadgets,4
adaptation,adaptations,4
broaden,broadens,4
lock,locks,4
yard,yards,4
shout,shouts,4
catalyst,catalysts,4
accolade,accolades,4
sat,sats,4
absence,absences,4
violate,violates,4
constrain,constrains,4
interfere,interferes,4
intersection,intersections,4
swap,swaps,4
dismiss,dismisses,4
adviser,advisers,4
suspect,suspects,4
beta,betas,4
synonym,synonyms,4
payoff,payoffs,4
beginning,beginnings,4
mailbox,mailboxes,4
cure,cures,4
radio,radios,4
engender,engenders,4
female,females,4
blur,blurs,4
biometric,biometrics,4
mug,mugs,4
fault,faults,4
legacy,legacies,4
inequity,inequities,4
distortion,distortions,4
weed,weeds,4
taste,tastes,4
tragedy,tragedies,4
adventure,adventures,4
connotation,connotations,4
automobile,automobiles,4
king,kings,4
original,originals,4
breach,breaches,4
executor,executors,4
typewriter,typewriters,4
inform,informs,4
favor,favors,4
misconception,misconceptions,4
remnant,remnants,4
wind,winds,4
responsible,responsibles,4
advisory,advisories,4
dealer,dealers,4
believer,believers,4
supermarket,supermarkets,4
consult,consults,4
marriage,marriages,4
analogy,analogies,4
migration,migrations,4
sight,sights,4
occupy,occupies,4
coder,coders,4
hobby,hobbies,4
medal,medals,4
rein,reins,4
edition,editions,4
evidence,evidences,4
revolution,revolutions,4
goose,geese,4
bookmark,bookmarks,4
detract,detracts,4
deficit,deficits,4
insider,insiders,4
tweak,tweaks,4
depth,depths,4
nurture,nurtures,4
pathway,pathways,4
businessman,businessmen,4
chef,chefs,4
bidder,bidders,4
burn,burns,4
sphere,spheres,4
black,blacks,4
chamber,chambers,4
sanction,sanctions,4
town,towns,4
faculty,faculties,4
alignment,alignments,4
nose,noses,4
meter,meters,4
reg,regs,4
laugh,laughs,4
shortfall,shortfalls,4
gatekeeper,gatekeepers,4
guidance,guidances,4
wound,wounds,4
indirect,indirects,4
detect,detects,4
lifer,lifers,4
trickle,trickles,4
alter,alters,4
due,dues,4
jewel,jewels,4
criticism,criticisms,4
gripe,gripes,4
tendency,tendencies,4
joiner,joiners,4
introduction,introductions,4
sink,sinks,4
inaccuracy,inaccuracies,4
packet,packets,4
uplift,uplifts,4
autonomic,autonomics,4
history,histories,4
rake,rakes,4
drove,droves,4
celebrate,celebrates,4
lift,lifts,4
chore,chores,4
mantra,mantras,4
quiz,quizzes,4
generic,generics,4
articulate,articulates,4
calculate,calculates,4
smack,smacks,4
dog,dogs,4
warrior,warriors,4
delight,delights,4
deposit,deposits,4
macro,macros,4
conduit,conduits,4
lion,lions,4
stone,stones,4
axiom,axioms,4
oat,oats,4
nurse,nurses,4
predecessor,predecessors,4
satellite,satellites,4
chapter,chapters,4
signpost,signposts,4
irritate,irritates,4
minor,minors,4
major,majors,4
deletion,deletions,4
pinpoint,pinpoints,4
unite,unites,4
inch,inches,4
coachee,coachees,4
stake,stakes,4
lady,ladies,4
distribute,distributes,4
ease,eases,4
multiple,multiples,4
creative,creatives,4
recipe,recipes,4
prediction,predictions,4
derive,derives,4
knee,knees,4
observe,observes,4
stranger,strangers,4
smile,smiles,4
anecdote,anecdotes,4
chase,chases,4
repair,repairs,4
jurisdiction,jurisdictions,4
weaken,weakens,4
actuator,actuators,4
viewer,viewers,4
wire,wires,4
recruitment,recruitments,4
ill,ills,4
undergo,undergoes,4
abstract,abstracts,4
thinking,thinkings,4
questionnaire,questionnaires,4
deter,deters,4
drag,drags,4
danger,dangers,4
signify,signifies,4
punish,punishes,4
saver,savers,4
extract,extracts,4
bag,bags,4
guardian,guardians,4
fly,flies,4
drawer,drawers,4
possess,possesses,4
impress,impresses,4
behoove,behooves,4
expire,expires,4
thrust,thrusts,4
specialize,specializes,4
sky,skies,4
puzzle,puzzles,4
critique,critiques,4
endorsement,endorsements,4
motion,motions,4
coming,comings,4
conversion,conversions,4
slice,slices,4
expatriate,expatriates,4
print,prints,4
hindrance,hindrances,4
swing,swings,4
aggregation,aggregations,4
brochure,brochures,4
complicate,complicates,4
divert,diverts,4
entrant,entrants,4
warranty,warranties,4
insecurity,insecurities,3
windmill,windmills,3
shadow,shadows,3
crowd,crowds,3
safeguard,safeguards,3
enroll,enrolls,3
defy,defies,3
monopoly,monopolies,3
ream,reams,3
weekday,weekdays,3
dummy,dummies,3
pencil,pencils,3
cipher,ciphers,3
placement,placements,3
undergraduate,undergraduates,3
illusion,illusions,3
repeat,repeats,3
messenger,messengers,3
alienate,alienates,3
tone,tones,3
throat,throats,3
cooler,coolers,3
underly,underlies,3
replay,replays,3
blind,blinds,3
tomorrow,tomorrows,3
burst,bursts,3
quagmire,quagmires,3
assemble,assembles,3
practicality,practicalities,3
qualify,qualifies,3
overlay,overlays,3
fraction,fractions,3
happening,happenings,3
measurable,measurables,3
membership,memberships,3
imagination,imaginations,3
examine,examines,3
wizard,wizards,3
mystery,mysteries,3
breast,breasts,3
culprit,culprits,3
confine,confines,3
refreshment,refreshments,3
refrain,refrains,3
heroic,heroics,3
prisoner,prisoners,3
disease,diseases,3
knowledge,knowledges,3
pave,paves,3
hurricane,hurricanes,3
incumbent,incumbents,3
finalist,finalists,3
rental,rentals,3
ocean,oceans,3
jean,jeans,3
grader,graders,3
election,elections,3
loophole,loopholes,3
cheat,cheats,3
outperform,outperforms,3
subscriber,subscribers,3
relocation,relocations,3
row,rows,3
short,shorts,3
weight,weights,3
reflection,reflections,3
cement,cements,3
wafer,wafers,3
shed,sheds,3
long,longs,3
bulletin,bulletins,3
confirmation,confirmations,3
fold,folds,3
usage,usages,3
cake,cakes,3
organizer,organizers,3
handcuff,handcuffs,3
underlie,underlies,3
birth,births,3
reorganization,reorganizations,3
visual,visuals,3
aberration,aberrations,3
tube,tubes,3
novice,novices,3
sen,sens,3
outward,outwards,3
precaution,precautions,3
beginner,beginners,3
frequency,frequencies,3
denote,denotes,3
distort,distorts,3
manuscript,manuscripts,3
fragment,fragments,3
multitude,multitudes,3
graph,graphs,3
flourish,flourishes,3
shore,shores,3
verification,verifications,3
execution,executions,3
duration,durations,3
chop,chops,3
diem,diems,3
mover,movers,3
elder,elders,3
creation,creations,3
faith,faiths,3
consultation,consultations,3
potato,potatoes,3
precept,precepts,3
bed,beds,3
evolution,evolutions,3
attention,attentions,3
activation,activations,3
typo,typos,3
hook,hooks,3
trace,traces,3
delete,deletes,3
weigh,weighs,3
tolerate,tolerates,3
implicate,implicates,3
indication,indications,3
pep,peps,3
retail,retails,3
underpin,underpins,3
bench,benches,3
successor,successors,3
breathe,breathes,3
fade,fades,3
sticker,stickers,3
resist,resists,3
cord,cords,3
formality,formalities,3
substitute,substitutes,3
morale,morales,3
ant,ants,3
senator,senators,3
differentiation,differentiations,3
garner,garners,3
tea,teas,3
cultivate,cultivates,3
blank,blanks,3
exhortation,exhortations,3
subsidy,subsidies,3
obtain,obtains,3
carrot,carrots,3
spur,spurs,3
hypothesis,hypotheses,3
subscribe,subscribes,3
vestige,vestiges,3
currency,currencies,3
runner,runners,3
creep,creeps,3
correlate,correlates,3
toaster,toasters,3
bite,bites,3
counselor,counselors,3
average,averages,3
spill,spills,3
dare,dares,3
vale,vales,3
scar,scars,3
pale,pales,3
dock,docks,3
pitcher,pitchers,3
hardware,hardwares,3
drink,drinks,3
drawing,drawings,3
amendment,amendments,3
assess,assesses,3
convince,convinces,3
crunch,crunches,3
conglomerate,conglomerates,3
pat,pats,3
shoemaker,shoemakers,3
unique,uniques,3
ambiguity,ambiguities,3
cat,cats,3
cab,cabs,3
loa,loas,3
impulse,impulses,3
rope,ropes,3
stew,stews,3
degrade,degrades,3
marketer,marketers,3
imbalance,imbalances,3
snapshot,snapshots,3
dose,doses,3
san,sans,3
neck,necks,3
cascade,cascades,3
butt,butts,3
accusation,accusations,3
grip,grips,3
victory,victories,3
important,importants,3
blunder,blunders,3
recording,recordings,3
declare,declares,3
ruin,ruins,3
override,overrides,3
complement,complements,3
visionary,visionaries,3
gateway,gateways,3
math,maths,3
infer,infers,3
evoke,evokes,3
punishment,punishments,3
guidepost,guideposts,3
guess,guesses,3
executable,executables,3
coop,coops,3
cook,cooks,3
array,arrays,3
satisfaction,satisfactions,3
minister,ministers,3
cartoon,cartoons,3
attainment,attainments,3
insurance,insurances,3
rotate,rotates,3
freak,freaks,3
originator,originators,3
export,exports,3
hacker,hackers,3
reporter,reporters,3
kickoff,kickoffs,3
partition,partitions,3
shorten,shortens,3
flood,floods,3
explorer,explorers,3
thumb,thumbs,3
seventy,seventies,3
router,routers,3
elimination,eliminations,3
dependent,dependents,3
hardship,hardships,3
loan,loans,3
optimization,optimizations,3
atom,atoms,3
athlete,athletes,3
accompany,accompanies,3
valley,valleys,3
grandparent,grandparents,3
delegate,delegates,3
insult,insults,3
overrun,overruns,3
iron,irons,3
brake,brakes,3
banker,bankers,3
marker,markers,3
filing,filings,3
season,seasons,3
external,externals,3
scanner,scanners,3
carpet,carpets,3
fiber,fibers,3
ledger,ledgers,3
payer,payers,3
pioneer,pioneers,3
clear,clears,3
submitter,submitters,3
determination,determinations,3
whistle,whistles,3
variety,varieties,3
configure,configures,3
diversity,diversities,3
kettle,kettles,3
expediter,expediters,3
elude,eludes,3
defer,defers,3
bam,bams,3
affinity,affinities,3
clerk,clerks,3
validate,validates,3
correct,corrects,3
pundit,pundits,3
mart,marts,3
bottle,bottles,3
neighborhood,neighborhoods,3
shark,sharks,3
built,builts,3
costumer,costumers,3
lens,lenses,3
refresh,refreshes,3
subscription,subscriptions,3
correspond,corresponds,3
disregard,disregards,3
identifier,identifiers,3
strip,strips,3
compensation,compensations,3
accrue,accrues,3
embed,embeds,3
appearance,appearances,3
helper,helpers,3
journalist,journalists,3
crawler,crawlers,3
trump,trumps,3
accommodation,accommodations,3
generality,generalities,3
particle,particles,3
undertake,undertakes,3
font,fonts,3
dump,dumps,3
philosopher,philosophers,3
uphold,upholds,3
deny,denies,3
spoil,spoils,3
tap,taps,3
empire,empires,3
leak,leaks,3
intake,intakes,2
irk,irks,2
nature,natures,2
bricklayer,bricklayers,2
administer,administers,2
fabric,fabrics,2
tilt,tilts,2
headset,headsets,2
suspension,suspensions,2
synapse,synapses,2
neglect,neglects,2
periodical,periodicals,2
buffer,buffers,2
baton,batons,2
scramble,scrambles,2
entire,entires,2
chad,chads,2
scream,screams,2
derivative,derivatives,2
exude,exudes,2
souvenir,souvenirs,2
genetic,genetics,2
feather,feathers,2
identity,identities,2
wed,weds,2
ladder,ladders,2
waster,wasters,2
bracket,brackets,2
aunt,aunts,2
optimum,optima,2
kitchen,kitchens,2
participation,participations,2
replan,replans,2
challenger,challengers,2
diagnostic,diagnostics,2
inquire,inquires,2
blackberry,blackberries,2
insulate,insulates,2
excess,excesses,2
horizontal,horizontals,2
misalignment,misalignments,2
divestiture,divestitures,2
grocery,groceries,2
timecard,timecards,2
gent,gents,2
parachute,parachutes,2
lapse,lapses,2
insurer,insurers,2
gallery,galleries,2
naysayer,naysayers,2
estimation,estimations,2
communique,communiques,2
crew,crews,2
debit,debits,2
downside,downsides,2
maxim,maxims,2
journey,journeys,2
jacket,jackets,2
bot,bots,2
bog,bogs,2
basket,baskets,2
equip,equips,2
quartile,quartiles,2
squad,squads,2
shopkeeper,shopkeepers,2
morning,mornings,2
declaration,declarations,2
strait,straits,2
protein,proteins,2
coupon,coupons,2
harness,harnesses,2
commute,commutes,2
collision,collisions,2
hearing,hearings,2
deprive,deprives,2
mismatch,mismatches,2
compose,composes,2
append,appends,2
climb,climbs,2
honor,honors,2
morph,morphs,2
anthropologist,anthropologists,2
setter,setters,2
anomaly,anomalies,2
productivity,productivities,2
recourse,recourses,2
vender,venders,2
cheque,cheques,2
waiver,waivers,2
nail,nails,2
umbrella,umbrellas,2
spike,spikes,2
advocacy,advocacies,2
enquiry,enquiries,2
diary,diaries,2
consolidate,consolidates,2
suburb,suburbs,2
prefecture,prefectures,2
excerpt,excerpts,2
allocate,allocates,2
choke,chokes,2
bath,baths,2
regime,regimes,2
boast,boasts,2
apprenticeship,apprenticeships,2
eagle,eagles,2
mood,moods,2
tread,treads,2
estimator,estimators,2
grasp,grasps,2
roi,rois,2
apartment,apartments,2
infringement,infringements,2
sun,suns,2
invoke,invokes,2
misstep,missteps,2
finder,finders,2
vaccine,vaccines,2
survivor,survivors,2
provoke,provokes,2
hability,habilities,2
tenant,tenants,2
cube,cubes,2
difficult,difficults,2
wagon,wagons,2
tracker,trackers,2
regional,regionals,2
misperception,misperceptions,2
collapse,collapses,2
surrogate,surrogates,2
reversal,reversals,2
attrition,attritions,2
current,currents,2
sideline,sidelines,2
data,datas,2
wolf,wolves,2
axe,axes,2
surgery,surgeries,2
dislocation,dislocations,2
overcome,overcomes,2
perpetuate,perpetuates,2
standpoint,standpoints,2
procurement,procurements,2
treasure,treasures,2
grownup,grownups,2
axis,axes,2
clint,clints,2
heel,heels,2
overwhelm,overwhelms,2
focal,focals,2
summit,summits,2
dislike,dislikes,2
balk,balks,2
reinforcement,reinforcements,2
arbiter,arbiters,2
flock,flocks,2
sharpen,sharpens,2
beget,begets,2
offend,offends,2
nerve,nerves,2
cola,colas,2
opener,openers,2
universe,universes,2
revitalize,revitalizes,2
media,medias,2
treatment,treatments,2
coverage,coverages,2
solicit,solicits,2
sier,siers,2
documentation,documentations,2
food,foods,2
die,dice,2
copyright,copyrights,2
backfill,backfills,2
grind,grinds,2
contractual,contractuals,2
civilization,civilizations,2
inconvenience,inconveniences,2
rub,rubs,2
heritage,heritages,2
till,tills,2
photograph,photographs,2
resident,residents,2
turbulence,turbulences,2
epitomize,epitomizes,2
redefinition,redefinitions,2
espouse,espouses,2
edict,edicts,2
scrap,scraps,2
designate,designates,2
craftsman,craftsmen,2
skip,skips,2
thro,throes,2
chemical,chemicals,2
recrimination,recriminations,2
delta,deltas,2
kernel,kernels,2
barry,barries,2
authentication,authentications,2
deterrent,deterrents,2
hybrid,hybrids,2
shelter,shelters,2
opportunist,opportunists,2
connectivity,connectivities,2
eventuality,eventualities,2
elevator,elevators,2
significant,significants,2
stipulation,stipulations,2
harvest,harvests,2
bunch,bunches,2
monkey,monkeys,2
national,nationals,2
predictor,predictors,2
hate,hates,2
auction,auctions,2
teller,tellers,2
mess,messes,2
streamline,streamlines,2
ceiling,ceilings,2
lessen,lessens,2
core,cores,2
accommodate,accommodates,2
counsel,counsels,2
thirty,thirties,2
production,productions,2
blocker,blockers,2
tide,tides,2
clog,clogs,2
loaner,loaners,2
canteen,canteens,2
alarm,alarms,2
classmate,classmates,2
settlement,settlements,2
disable,disables,2
capitalize,capitalizes,2
paint,paints,2
executioner,executioners,2
chairman,chairmen,2
devalue,devalues,2
counterpoint,counterpoints,2
province,provinces,2
peril,perils,2
augment,augments,2
linger,lingers,2
cupboard,cupboards,2
untouchable,untouchables,2
fingerprint,fingerprints,2
seeker,seekers,2
miner,miners,2
profess,professes,2
slate,slates,2
interrupt,interrupts,2
technic,technics,2
purchaser,purchasers,2
cancellation,cancellations,2
handshake,handshakes,2
textbook,textbooks,2
pet,pets,2
occurrence,occurrences,2
jockey,jockeys,2
cite,cites,2
coincide,coincides,2
uncover,uncovers,2
undercut,undercuts,2
binary,binaries,2
booster,boosters,2
breakage,breakages,2
mask,masks,2
jet,jets,2
banner,banners,2
cry,cries,2
church,churches,2
enrollment,enrollments,2
expend,expends,2
deviate,deviates,2
rack,racks,2
pledge,pledges,2
punch,punches,2
interlocutor,interlocutors,2
mandatory,mandatories,2
painting,paintings,2
fraud,frauds,2
labor,labors,2
vein,veins,2
ghost,ghosts,2
bike,bikes,2
chill,chills,2
reinvent,reinvents,2
transparency,transparencies,2
navigate,navigates,2
realm,realms,2
retreat,retreats,2
exemption,exemptions,2
cart,carts,2
duplication,duplications,2
blame,blames,2
tournament,tournaments,2
explication,explications,2
alcoholic,alcoholics,2
proponent,proponents,2
low,lows,2
consumable,consumables,2
requisition,requisitions,2
publish,publishes,2
invalidate,invalidates,2
taxpayer,taxpayers,2
apprentice,apprentices,2
catcher,catchers,2
vessel,vessels,2
taboo,taboos,2
prebill,prebills,2
infuse,infuses,2
mercenary,mercenaries,2
manifestation,manifestations,2
admit,admits,2
steer,steers,2
vault,vaults,2
guise,guises,2
realization,realizations,2
preparation,preparations,2
decider,deciders,2
exponent,exponents,2
legion,legions,2
reuse,reuses,2
realignment,realignments,2
isolate,isolates,2
elevate,elevates,2
pile,piles,2
tabulator,tabulators,2
newsreader,newsreaders,2
citation,citations,2
film,films,2
harm,harms,2
dont,donts,2
summer,summers,2
burner,burners,2
gam,gams,2
administrative,administratives,2
optimize,optimizes,2
coin,coins,2
single,singles,2
screw,screws,2
needle,needles,2
kindergarten,kindergartens,2
mix,mixes,2
bull,bulls,2
parter,parters,2
stray,strays,2
masterpiece,masterpieces,2
ritual,rituals,2
aspire,aspires,2
dysfunction,dysfunctions,2
flame,flames,2
watch,watches,2
contrast,contrasts,2
corrupt,corrupts,2
incarnation,incarnations,2
simplification,simplifications,2
proceeding,proceedings,2
cowboy,cowboys,2
rigor,rigors,2
cooper,coopers,2
adjective,adjectives,2
twist,twists,2
hilltop,hilltops,2
giver,givers,2
compel,compels,2
dish,dishes,2
intimidate,intimidates,2
infringe,infringes,2
sailor,sailors,2
donor,donors,2
cigarette,cigarettes,2
notch,notches,2
investigate,investigates,2
outfit,outfits,2
advise,advises,2
firing,firings,2
posture,postures,2
straight,straights,2
vie,vies,2
inventive,inventives,2
doughnut,doughnuts,2
characterize,characterizes,2
snack,snacks,2
questionary,questionaries,2
spending,spendings,2
financier,financiers,2
sap,saps,2
bandage,bandages,2
reimburse,reimburses,2
telephone,telephones,2
condemn,condemns,2
writing,writings,2
bluer,bluers,2
despise,despises,2
devil,devils,2
standing,standings,2
wording,wordings,2
establishment,establishments,2
tackle,tackles,2
toilet,toilets,2
homosexual,homosexuals,2
symbol,symbols,2
paralyze,paralyzes,2
valve,valves,2
shut,shuts,2
shun,shuns,2
disappoint,disappoints,2
lag,lags,2
miscalculation,miscalculations,2
unfold,unfolds,2
marine,marines,2
tenure,tenures,2
recover,recovers,2
dealership,dealerships,2
carpenter,carpenters,2
relieve,relieves,2
header,headers,2
urge,urges,2
coul,couls,2
resign,resigns,2
stiff,stiffs,2
addressee,addressees,2
mankind,mankinds,2
final,finals,2
orphan,orphans,2
glossary,glossaries,2
balloon,balloons,2
solidify,solidifies,2
maverick,mavericks,2
carve,carves,2
specialization,specializations,2
historian,historians,2
churn,churns,2
ban,bans,2
tolerance,tolerances,2
eyeball,eyeballs,2
renegotiation,renegotiations,2
originate,originates,2
assault,assaults,2
locality,localities,2
dig,digs,2
sour,sours,2
dedicate,dedicates,2
tribute,tributes,2
publisher,publishers,2
destination,destinations,2
subsume,subsumes,2
organize,organizes,2
bully,bullies,2
giveaway,giveaways,2
juncture,junctures,2
divorce,divorces,2
youth,youths,2
sop,sops,2
fine,fines,2
textile,textiles,2
errand,errands,2
handbook,handbooks,2
infection,infections,2
livelihood,livelihoods,2
insure,insures,2
royalty,royalties,2
addendum,addendums,2
guard,guards,2
maze,mazes,2
pin,pins,2
pic,pics,2
smoke,smokes,2
correlation,correlations,2
oven,ovens,2
destroyer,destroyers,2
reprisal,reprisals,2
rat,rats,2
metal,metals,2
toothbrush,toothbrushes,2
precede,precedes,2
refresher,refreshers,2
presence,presences,2
policeman,policemen,2
conductor,conductors,2
cashier,cashiers,2
downfall,downfalls,2
mortgage,mortgages,2
frighten,frightens,2
catastrophe,catastrophes,2
fad,fads,2
accumulate,accumulates,2
double,doubles,2
cleaner,cleaners,2
negotiate,negotiates,2
presume,presumes,2
pharmaceutical,pharmaceuticals,2
sing,sings,2
envelope,envelopes,2
deputy,deputies,2
panic,panics,2
dive,dives,2
accent,accents,2
simulate,simulates,2
commence,commences,2
outstrip,outstrips,2
ghetto,ghettos,2
ebb,ebbs,2
closer,closers,2
headphone,headphones,2
registration,registrations,2
screener,screeners,2
boot,boots,2
boom,booms,2
controversy,controversies,1
lengthen,lengthens,1
echelon,echelons,1
fir,firs,1
terminology,terminologies,1
fry,fries,1
altitude,altitudes,1
holdback,holdbacks,1
ref,refs,1
sandbox,sandboxes,1
civilian,civilians,1
retrieve,retrieves,1
grandma,grandmas,1
opposite,opposites,1
friction,frictions,1
transact,transacts,1
relegate,relegates,1
planet,planets,1
strawman,strawmen,1
militate,militates,1
leadership,leaderships,1
creat,creats,1
watcher,watchers,1
sand,sands,1
accreditation,accreditations,1
sauce,sauces,1
purport,purports,1
interviewer,interviewers,1
heterosexual,heterosexuals,1
barrel,barrels,1
signatory,signatories,1
binding,bindings,1
abound,abounds,1
bounce,bounces,1
oblige,obliges,1
lane,lanes,1
mishap,mishaps,1
disenfranchise,disenfranchises,1
toss,tosses,1
prosper,prospers,1
affliction,afflictions,1
festival,festivals,1
forwarder,forwarders,1
depict,depicts,1
bred,breds,1
doorway,doorways,1
conclude,concludes,1
attest,attests,1
coherency,coherencies,1
cohort,cohorts,1
vocabulary,vocabularies,1
pier,piers,1
worth,worths,1
replication,replications,1
progression,progressions,1
stun,stuns,1
filtration,filtrations,1
protection,protections,1
era,eras,1
impair,impairs,1
renew,renews,1
reaffirm,reaffirms,1
grave,graves,1
excite,excites,1
cond,conds,1
cone,cones,1
mil,mils,1
deception,deceptions,1
prayer,prayers,1
chit,chits,1
lounge,lounges,1
soe,soes,1
correspondence,correspondences,1
divergence,divergences,1
nonprofit,nonprofits,1
irritant,irritants,1
landline,landlines,1
import,imports,1
attache,attaches,1
alleviate,alleviates,1
battleship,battleships,1
assembly,assemblies,1
trailer,trailers,1
stare,stares,1
revelation,revelations,1
transcribe,transcribes,1
locale,locales,1
petal,petals,1
completion,completions,1
salvation,salvations,1
subsection,subsections,1
recession,recessions,1
proxy,proxies,1
defective,defectives,1
photovoltaic,photovoltaics,1
special,specials,1
natural,naturals,1
bloat,bloats,1
brighten,brightens,1
immigrant,immigrants,1
expectancy,expectancies,1
atheist,atheists,1
recycle,recycles,1
sway,sways,1
collaborate,collaborates,1
void,voids,1
conception,conceptions,1
men,mens,1
fantastic,fantastics,1
autonomy,autonomies,1
personal,personals,1
revalidation,revalidations,1
wreak,wreaks,1
quarterback,quarterbacks,1
cousin,cousins,1
ting,tings,1
tick,ticks,1
inherit,inherits,1
etiquette,etiquettes,1
confrontation,confrontations,1
afternoon,afternoons,1
starve,starves,1
landing,landings,1
marking,markings,1
bob,bobs,1
sake,sakes,1
persuasion,persuasions,1
purify,purifies,1
carnival,carnivals,1
specificity,specificities,1
ultimate,ultimates,1
incidence,incidences,1
rehearsal,rehearsals,1
tout,touts,1
outdoor,outdoors,1
leeway,leeways,1
knife,knives,1
reflex,reflexes,1
smoker,smokers,1
rapport,rapports,1
compound,compounds,1
needing,needings,1
wither,withers,1
couch,couches,1
rover,rovers,1
expensive,expensives,1
segregate,segregates,1
speculation,speculations,1
candle,candles,1
contactor,contactors,1
curb,curbs,1
shield,shields,1
majority,majorities,1
preschool,preschools,1
pantry,pantries,1
misspelling,misspellings,1
clarify,clarifies,1
workbook,workbooks,1
mimic,mimics,1
communist,communists,1
mitigate,mitigates,1
dispense,dispenses,1
hide,hides,1
leaver,leavers,1
ceremony,ceremonies,1
enquire,enquires,1
noncompliance,noncompliances,1
fiction,fictions,1
synergistic,synergistics,1
bail,bails,1
commercialization,commercializations,1
envision,envisions,1
shuck,shucks,1
stereo,stereos,1
implant,implants,1
remarket,remarkets,1
enablement,enablements,1
bigot,bigots,1
pervade,pervades,1
qualifier,qualifiers,1
dispatcher,dispatchers,1
afterthought,afterthoughts,1
railway,railways,1
cast,casts,1
reshape,reshapes,1
web,webs,1
inability,inabilities,1
auspice,auspices,1
proliferate,proliferates,1
wife,wives,1
indemnity,indemnities,1
harden,hardens,1
sue,sues,1
intersect,intersects,1
passage,passages,1
riser,risers,1
rebalance,rebalances,1
elective,electives,1
bout,bouts,1
hill,hills,1
mainstay,mainstays,1
exert,exerts,1
humanize,humanizes,1
electric,electrics,1
defense,defenses,1
sweep,sweeps,1
inflate,inflates,1
confront,confronts,1
handler,handlers,1
seize,seizes,1
resent,resents,1
acid,acids,1
chose,choses,1
expansion,expansions,1
lottery,lotteries,1
timetable,timetables,1
edit,edits,1
disclose,discloses,1
unknown,unknowns,1
tidbit,tidbits,1
feat,feats,1
airman,airmen,1
joy,joys,1
joe,joes,1
arbitrator,arbitrators,1
hinderance,hinderances,1
correspondent,correspondents,1
press,presses,1
nourish,nourishes,1
prefix,prefixes,1
military,militaries,1
overshadow,overshadows,1
bedrock,bedrocks,1
relax,relaxes,1
household,households,1
rescue,rescues,1
marginalize,marginalizes,1
vector,vectors,1
knit,knits,1
subtlety,subtleties,1
wash,washes,1
fabrication,fabrications,1
postulate,postulates,1
endure,endures,1
alum,alums,1
remunerate,remunerates,1
liar,liars,1
pest,pests,1
palm,palms,1
solicitation,solicitations,1
subway,subways,1
multiplex,multiplexes,1
canvas,canvases,1
intuition,intuitions,1
preception,preceptions,1
brow,brows,1
springboard,springboards,1
stive,stives,1
indecision,indecisions,1
apportion,apportions,1
lout,louts,1
creature,creatures,1
countryside,countrysides,1
geographic,geographics,1
refusal,refusals,1
appreciation,appreciations,1
licensee,licensees,1
detractor,detractors,1
obscure,obscures,1
sec,secs,1
drunk,drunks,1
acceptance,acceptances,1
moth,moths,1
withdraw,withdraws,1
tribe,tribes,1
horde,hordes,1
chest,chests,1
underway,underways,1
lina,linas,1
sublicense,sublicenses,1
garden,gardens,1
skim,skims,1
index,indices,1
yardstick,yardsticks,1
trumpet,trumpets,1
await,awaits,1
czar,czars,1
relic,relics,1
shell,shells,1
drum,drums,1
typify,typifies,1
laser,lasers,1
transport,transports,1
sister,sisters,1
funnel,funnels,1
glimpse,glimpses,1
glance,glances,1
tariff,tariffs,1
ordinary,ordinaries,1
precipitate,precipitates,1
forty,forties,1
tutor,tutors,1
quit,quits,1
accord,accords,1
postponement,postponements,1
cop,cops,1
physician,physicians,1
scam,scams,1
balancer,balancers,1
global,globals,1
collateral,collaterals,1
inference,inferences,1
cold,colds,1
angel,angels,1
anger,angers,1
impairment,impairments,1
concert,concerts,1
characterization,characterizations,1
rebuild,rebuilds,1
editorial,editorials,1
soil,soils,1
rear,rears,1
internalize,internalizes,1
confidential,confidentials,1
blackout,blackouts,1
conscience,consciences,1
episcopalian,episcopalians,1
injure,injures,1
injury,injuries,1
hurry,hurries,1
ding,dings,1
fool,fools,1
materialize,materializes,1
asp,asps,1
swot,swots,1
caption,captions,1
temperament,temperaments,1
genre,genres,1
governor,governors,1
dime,dimes,1
donna,donnas,1
ensue,ensues,1
forge,forges,1
stance,stances,1
hesitate,hesitates,1
sword,swords,1
auto,autos,1
realign,realigns,1
attach,attaches,1
fuzzy,fuzzies,1
nuisance,nuisances,1
jersey,jerseys,1
franchise,franchises,1
precedent,precedents,1
peg,pegs,1
testify,testifies,1
fate,fates,1
misrepresentation,misrepresentations,1
appoint,appoints,1
nanny,nannies,1
hunch,hunches,1
ministry,ministries,1
idiosyncrasy,idiosyncrasies,1
remuneration,remunerations,1
bestow,bestows,1
scrape,scrapes,1
comply,complies,1
residual,residuals,1
tablet,tablets,1
typist,typists,1
waterfall,waterfalls,1
plot,plots,1
bury,buries,1
answerer,answerers,1
magnet,magnets,1
gesture,gestures,1
conjunction,conjunctions,1
killer,killers,1
playbook,playbooks,1
monster,monsters,1
fundament,fundaments,1
reading,readings,1
stab,stabs,1
certify,certifies,1
middle,middles,1
intermediary,intermediaries,1
accountable,accountables,1
bookstore,bookstores,1
deadlock,deadlocks,1
nutrient,nutrients,1
beacon,beacons,1
dev,devs,1
coat,coats,1
coal,coals,1
sect,sects,1
pac,pacs,1
pal,pals,1
rung,rungs,1
commentary,commentaries,1
batter,batters,1
restart,restarts,1
tender,tenders,1
myriad,myriads,1
creativity,creativities,1
aggregate,aggregates,1
landmark,landmarks,1
alternate,alternates,1
commentator,commentators,1
groove,grooves,1
baring,barings,1
sig,sigs,1
muddle,muddles,1
toddler,toddlers,1
thwart,thwarts,1
payroll,payrolls,1
bleed,bleeds,1
workbench,workbenches,1
environmental,environmentals,1
commonality,commonalities,1
grumble,grumbles,1
pouring,pourings,1
insert,inserts,1
whiner,whiners,1
slight,slights,1
decimate,decimates,1
bud,buds,1
interplay,interplays,1
rookie,rookies,1
upstream,upstreams,1
studio,studios,1
repurpose,repurposes,1
stronghold,strongholds,1
plaster,plasters,1
categorize,categorizes,1
regulate,regulates,1
dial,dials,1
stool,stools,1
confusion,confusions,1
adage,adages,1
trabant,trabants,1
beer,beers,1
escape,escapes,1
jeopardize,jeopardizes,1
heat,heats,1
heap,heaps,1
bargain,bargains,1
substitution,substitutions,1
hamburger,hamburgers,1
verify,verifies,1
stimulation,stimulations,1
cryptanalyst,cryptanalysts,1
pyramid,pyramids,1
true,trues,1
crime,crimes,1
closure,closures,1
medication,medications,1
amend,amends,1
recital,recitals,1
kingdom,kingdoms,1
outnumber,outnumbers,1
grudge,grudges,1
idiot,idiots,1
segmentation,segmentations,1
bigger,biggers,1
formulate,formulates,1
paradise,paradises,1
adder,adders,1
costing,costings,1
nap,naps,1
flier,fliers,1
dun,duns,1
knack,knacks,1
pillow,pillows,1
exhibition,exhibitions,1
traditionalist,traditionalists,1
ordeal,ordeals,1
canal,canals,1
organism,organisms,1
hopper,hoppers,1
electron,electrons,1
paste,pastes,1
heir,heirs,1
weighting,weightings,1
orange,oranges,1
contention,contentions,1
deteriorate,deteriorates,1
escalate,escalates,1
induction,inductions,1
academy,academies,1
temptation,temptations,1
beast,beasts,1
obey,obeys,1
disturb,disturbs,1
tussle,tussles,1
apportionment,apportionments,1
pursue,pursues,1
calender,calenders,1
caution,cautions,1
outcry,outcries,1
symbolize,symbolizes,1
preassure,preassures,1
layout,layouts,1
champaign,champaigns,1
percentile,percentiles,1
hasten,hastens,1
logic,logics,1
snag,snags,1
periphery,peripheries,1
soh,sohs,1
telegraph,telegraphs,1
extremist,extremists,1
inside,insides,1
skate,skates,1
rambling,ramblings,1
funder,funders,1
wicket,wickets,1
handout,handouts,1
overhaul,overhauls,1
reckoning,reckonings,1
disrespect,disrespects,1
iterative,iteratives,1
iceberg,icebergs,1
mandarin,mandarins,1
sip,sips,1
diffuse,diffuses,1
tec,tecs,1
desert,deserts,1
citizenship,citizenships,1
migrate,migrates,1
whip,whips,1
sensibility,sensibilities,1
waive,waives,1
telethon,telethons,1
emulator,emulators,1
shopper,shoppers,1
found,founds,1
salute,salutes,1
clique,cliques,1
feeder,feeders,1
actionable,actionables,1
backfire,backfires,1
legislature,legislatures,1
tangible,tangibles,1
formal,formals,1
transmission,transmissions,1
technical,technicals,1
casino,casinos,1
nickel,nickels,1
irritation,irritations,1
adaptor,adaptors,1
absentee,absentees,1
verdict,verdicts,1
hawking,hawkings,1
outbreak,outbreaks,1
drift,drifts,1
adversary,adversaries,1
slacker,slackers,1
compute,computes,1
mastermind,masterminds,1
precondition,preconditions,1
systematic,systematics,1
tickle,tickles,1
triumph,triumphs,1
horn,horns,1
approximation,approximations,1
vow,vows,1
infusion,infusions,1
bespeak,bespeaks,1
bang,bangs,1
absolve,absolves,1
lifter,lifters,1
regress,regresses,1
rationalization,rationalizations,1
minus,minuses,1
transmit,transmits,1
responder,responders,1
leaflet,leaflets,1
brag,brags,1
accentuate,accentuates,1
fest,fests,1
beating,beatings,1
float,floats,1
wax,waxes,1
belive,belives,1
linguistic,linguistics,1
predicate,predicates,1
curse,curses,1
vocation,vocations,1
slippage,slippages,1
conform,conforms,1
creche,creches,1
fifty,fifties,1
comeback,comebacks,1
sence,sences,1
overview,overviews,1
commander,commanders,1
complainer,complainers,1
valuable,valuables,1
objectify,objectifies,1
groan,groans,1
joint,joints,1
receptive,receptives,1
bystander,bystanders,1
fundamentalist,fundamentalists,1
pope,popes,1
anticipate,anticipates,1
assertion,assertions,1
protector,protectors,1
urgency,urgencies,1
overstate,overstates,1
socialist,socialists,1
turnaround,turnarounds,1
congressman,congressmen,1
triplicate,triplicates,1
illuminate,illuminates,1
watermark,watermarks,1
microdrive,microdrives,1
grab,grabs,1
comparable,comparables,1
blinker,blinkers,1
drone,drones,1
steward,stewards,1
repurchase,repurchases,1
freedom,freedoms,1
tongue,tongues,1
neutral,neutrals,1
regroup,regroups,1
formula,formulae,1
dry,dries,1
therapy,therapies,1
sayer,sayers,1
gambler,gamblers,1
seep,seeps,1
receptionist,receptionists,1
submittal,submittals,1
replicate,replicates,1
efficacy,efficacies,1
stagnate,stagnates,1
empowerment,empowerments,1
cliche,cliches,1
discriminate,discriminates,1
elect,elects,1
dude,dudes,1
mat,mats,1
unleash,unleashes,1
wrist,wrists,1
unlock,unlocks,1
cough,coughs,1
strangle,strangles,1
pill,pills,1
erase,erases,1
steven,stevens,1
deep,deeps,1
personnel,personnels,1
resale,resales,1
dictatorship,dictatorships,1
untruth,untruths,1
industrial,industrials,1
fist,fists,1
dentist,dentists,1
distributer,distributers,1
common,commons,1
pod,pods,1
vent,vents,1
gal,gals,1
steady,steadies,1
opponent,opponents,1
accuse,accuses,1
blizzard,blizzards,1
forest,forests,1
legality,legalities,1
costume,costumes,1
enhancer,enhancers,1
muscle,muscles,1
spell,spells,1
oar,oars,1
hitch,hitches,1
honorific,honorifics,1
poison,poisons,1
endorse,endorses,1
preview,previews,1
tourist,tourists,1
cranny,crannies,1
depress,depresses,1
rant,rants,1
reputation,reputations,1
manipulation,manipulations,1
detection,detections,1
catalogue,catalogues,1
submarine,submarines,1
deflect,deflects,1
hunt,hunts,1
doorstep,doorsteps,1
letterhead,letterheads,1
teem,teems,1
formalize,formalizes,1
gravitate,gravitates,1
rase,rases,1
tern,terns,1
sweet,sweets,1
district,districts,1
bounty,bounties,1
welfare,welfares,1
rent,rents,1
reconfirm,reconfirms,1
tent,tents,1
tiger,tigers,1
mount,mounts,1
footprint,footprints,1
aggregator,aggregators,1
disrupt,disrupts,1
benefice,benefices,1
trivialize,trivializes,1
collaborative,collaboratives,1
overload,overloads,1
crush,crushes,1
imagine,imagines,1
turnover,turnovers,1
spurt,spurts,1
prescription,prescriptions,1
cynic,cynics,1
entice,entices,1
hallmark,hallmarks,1
emanate,emanates,1
analyze,analyzes,1
filer,filers,1
barring,barrings,1
sir,sirs,1
crutch,crutches,1
flea,fleas,1
statute,statutes,1
merchant,merchants,1
mike,mikes,1
disapprove,disapproves,1
squeeze,squeezes,1
clientele,clienteles,1
herd,herds,1
swan,swans,1
wade,wades,1
revisit,revisits,1
symposium,symposiums,1
alias,aliases,1
backdrop,backdrops,1
govern,governs,1
dreamer,dreamers,1
snail,snails,1
buss,busses,1
bust,busts,1
bush,bushes,1
hammer,hammers,1
tune,tunes,1
falter,falters,1
whisper,whispers,1
smell,smells,1
unify,unifies,1
unaware,unawares,1
appendix,appendices,1
deity,deities,1
retrain,retrains,1
transistor,transistors,1
remainder,remainders,1
draft,drafts,1
dissipate,dissipates,1
janitor,janitors,1
sam,sams,1
prime,primes,1
borrow,borrows,1
roger,rogers,1
plummet,plummets,1
spare,spares,1
residency,residencies,1
diatribe,diatribes,1
canon,canons,1
stationary,stationaries,1
nook,nooks,1
scientific,scientifics,1
essay,essays,1
adjust,adjusts,1
social,socials,1
identification,identifications,1
turkey,turkeys,1
emission,emissions,1
equity,equities,1
river,rivers,1
kilo,kilos,1
calculator,calculators,1
disorder,disorders,1
oddity,oddities,1
fighter,fighters,1
pour,pours,1
disband,disbands,1
fiasco,fiascos,1
atmosphere,atmospheres,1
explosive,explosives,1
ramp,ramps,1
eta,etas,1
overspend,overspends,1
revise,revises,1
suppress,suppresses,1
inspiration,inspirations,1
abhor,abhors,1
chapel,chapels,1
affirm,affirms,1
prolong,prolongs,1
psychologist,psychologists,1
bread,breads,1
fellowship,fellowships,1
disuse,disuses,1
mercy,mercies,1
proverb,proverbs,1
stink,stinks,1
sting,stings,1
winter,winters,1
fusion,fusions,1
wield,wields,1
legislation,legislations,1
percolate,percolates,1
refine,refines,1
marshal,marshals,1
temper,tempers,1
interrelate,interrelates,1
showroom,showrooms,1
thar,thars,1
evaporate,evaporates,1
analyzer,analyzers,1
testimony,testimonies,1
involvement,involvements,1
heaven,heavens,1
fence,fences,1
cosmetic,cosmetics,1
coalition,coalitions,1
terrorist,terrorists,1
lateral,laterals,1
fountain,fountains,1
moan,moans,1
lip,lips,1
mobile,mobiles,1
redefine,redefines,1
incompatibility,incompatibilities,1
tangent,tangents,1
syndrome,syndromes,1
bom,boms,1
jibe,jibes,1
habitat,habitats,1
sex,sexes,1
reek,reeks,1
nag,nags,1
dram,drams,1
prescribe,prescribes,1
metaphor,metaphors,1
professionality,professionalities,1
ride,rides,1
discontinuity,discontinuities,1
disapproval,disapprovals,1
privacy,privacies,1
intelligence,intelligences,1
rob,robs,1
earner,earners,1
rendering,renderings,1
leaser,leasers,1
shake,shakes,1
efficience,efficiences,1
plural,plurals,1
restore,restores,1
bolster,bolsters,1
inning,innings,1
captain,captains,1
ration,rations,1
convenience,conveniences,1
crave,craves,1
active,actives,1
circumvent,circumvents,1
landscape,landscapes,1
overhear,overhears,1
calm,calms,1
socket,sockets,1
whish,whishes,1
pretend,pretends,1
solutioner,solutioners,1
bat,bats,1
bad,bads,1
mushroom,mushrooms,1
spawn,spawns,1
secure,secures,1
doctrine,doctrines,1
approximate,approximates,1
dim,dims,1
prob,probs,1
main,mains,1
escort,escorts,1
tract,tracts,1
maintainer,maintainers,1
everyday,everydays,1
scripture,scriptures,1
mon,mons,1
compliant,compliants,1
dampen,dampens,1
celebrity,celebrities,1
ribbon,ribbons,1
diamond,diamonds,1
misinterpretation,misinterpretations,1
reiterate,reiterates,1
arbitrer,arbitrers,1
infant,infants,1
rounder,rounders,1
detour,detours,1
robbin,robbins,1
encapsulate,encapsulates,1
yesterday,yesterdays,1
retrenchment,retrenchments,1
calibre,calibres,1
bankruptcy,bankruptcies,1
strategize,strategizes,1
pasture,pastures,1
corporative,corporatives,1
arrange,arranges,1
shock,shocks,1
depression,depressions,1
limb,limbs,1
fulfillment,fulfillments,1
chief,chiefs,1
envisage,envisages,1
dam,dams,1
kindness,kindnesses,1
peeve,peeves,1
stuck,stucks,1
fanatic,fanatics,1
irregularity,irregularities,1
beam,beams,1
bean,beans,1
occupant,occupants,1
omission,omissions,1
copier,copiers,1
assert,asserts,1
scatter,scatters,1
administration,administrations,1
toil,toils,1
hazard,hazards,1
discard,discards,1
plague,plagues,1
lure,lures,1
rail,rails,1
formation,formations,1
revival,revivals,1
rag,rags,1
ran,rans,1
triangle,triangles,1
trinket,trinkets,1
earth,earths,1
availability,availabilities,1
public,publics,1
transformer,transformers,1
bathroom,bathrooms,1
advertise,advertises,1
uncle,uncles,1
depot,depots,1
younger,youngers,1
obviate,obviates,1
baseball,baseballs,1
dismay,dismays,1
attain,attains,1
white,whites,1
multiply,multiplies,1
hack,hacks,1
lighten,lightens,1
arrival,arrivals,1
longing,longings,1
divestment,divestments,1
inspect,inspects,1
sixty,sixties,1
fabricate,fabricates,1
orient,orients,1
fam,fams,1
mould,moulds,1
departure,departures,1
forgive,forgives,1
fancy,fancies,1
reliever,relievers,1
opposition,oppositions,1
rearrangement,rearrangements,1
cutoff,cutoffs,1
growth,growths,1
delineation,delineations,1
scroll,scrolls,1
shovel,shovels,1
forbid,forbids,1
serial,serials,1
mentorship,mentorships,1
pending,pendings,1
transmitter,transmitters,1
fiddle,fiddles,1
dictionary,dictionaries,1
sculpture,sculptures,1
bagel,bagels,1
grain,grains,1
rocket,rockets,1
lean,leans,1
lear,lears,1
uncontrollable,uncontrollables,1
arrow,arrows,0
easier,easiers,0
chorus,choruses,0
toner,toners,0
ideology,ideologies,0
hirer,hirers,0
testing,testings,0
recall,recalls,0
highway,highways,0
clearance,clearances,0
coe,coes,0
flash,flashes,0
banding,bandings,0
treaty,treaties,0
technicality,technicalities,0
knight,knights,0
praise,praises,0
batch,batches,0
suffering,sufferings,0
overpromise,overpromises,0
summon,summons,0
induct,inducts,0
adversity,adversities,0
lessor,lessors,0
navel,navels,0
federation,federations,0
blowout,blowouts,0
oracle,oracles,0
ide,ides,0
anxiety,anxieties,0
pinning,pinnings,0
boulder,boulders,0
brother,brethren,0
biscuit,biscuits,0
